ssn,first_name,last_name,email,state,ip_address,domain
146-73-4579,Dorothy,Roberts,droberts0@samsung.com,IA,5.33.178.197,name
357-25-7587,Mary,Day,mday1@deviantart.com,TX,28.241.143.62,gov
542-72-1567,Barbara,Powell,bpowell2@so-net.ne.jp,NY,208.60.45.77,com
693-34-4623,Michelle,Lawrence,mlawrence3@liveinternet.ru,MT,118.95.89.188,com
517-74-7152,Edward,Howard,ehoward4@mediafire.com,AZ,206.217.136.207,name
165-35-2278,Doris,Mason,dmason5@bigcartel.com,IL,182.15.22.66,info
294-38-2915,Martin,Snyder,msnyder6@yahoo.com,CA,121.110.109.64,net
431-41-3149,William,Harris,wharris7@ed.gov,NJ,81.13.62.137,biz
354-99-9928,Janice,Riley,jriley8@sakura.ne.jp,AL,121.87.91.60,com
685-5-3783,Keith,Harrison,kharrison9@washington.edu,CA,12.64.139.169,info
996-82-2687,Carl,Burke,cburkea@intel.com,OH,100.154.194.109,org
680-05-1199,Frances,Martinez,fmartinezb@patch.com,GA,122.221.91.204,net
813-66-0175,Jeffrey,Kim,jkimc@com.com,NY,141.117.90.233,mil
752-19-2908,Theresa,Williamson,twilliamsond@meetup.com,NY,231.36.193.68,net
379-20-5337,Timothy,Rogers,trogerse@ezinearticles.com,CA,96.144.128.35,org
862-90-2710,Anna,Arnold,aarnoldf@exblog.jp,MI,245.32.212.254,net
445-14-7326,Joyce,Lopez,jlopezg@msu.edu,OH,150.209.58.142,mil
912-61-7440,Louise,Alvarez,lalvarezh@msn.com,IN,87.207.93.44,mil
936-43-8113,Roger,Holmes,rholmesi@mtv.com,AL,61.229.83.233,net
567-35-2500,Karen,Gonzalez,kgonzalezj@si.edu,NY,55.189.33.148,net
557-37-3626,Johnny,Porter,jporterk@csmonitor.com,WV,164.209.106.227,name
689-91-0591,Harry,Coleman,hcolemanl@auda.org.au,HI,203.209.218.157,info
168-51-0134,Albert,Webb,awebbm@t.co,FL,102.193.100.9,edu
354-21-3943,Lori,Welch,lwelchn@de.vu,CA,199.223.125.198,gov
423-95-7755,Charles,Bailey,cbaileyo@timesonline.co.uk,TX,151.212.106.132,biz
863-21-9428,Virginia,Butler,vbutlerp@github.io,FL,218.173.169.49,com
491-27-1512,Craig,Williamson,cwilliamsonq@seesaa.net,CA,233.61.122.6,mil
274-39-4559,Christine,Wood,cwoodr@cbslocal.com,WA,147.174.60.28,edu
727-36-7037,Phillip,Morales,pmoraless@columbia.edu,IN,243.223.199.254,net
690-54-5160,Elizabeth,Nelson,enelsont@nifty.com,DC,49.84.111.49,edu
833-42-6395,Marilyn,Evans,mevansu@discuz.net,VA,156.23.90.119,biz
772-09-1995,Kevin,Coleman,kcolemanv@360.cn,TX,193.75.96.5,net
560-54-8517,Jeremy,Davis,jdavisw@so-net.ne.jp,NY,101.53.22.16,name
115-71-1778,Raymond,Dean,rdeanx@msu.edu,FL,204.150.118.252,biz
970-36-5694,Frank,Burke,fburkey@163.com,MO,13.144.167.124,info
170-57-4689,Kelly,Warren,kwarrenz@cafepress.com,TX,161.154.145.133,edu
668-32-7471,Cheryl,Peters,cpeters10@whitehouse.gov,NY,225.195.207.243,biz
671-99-8346,Christine,Matthews,cmatthews11@tinyurl.com,IA,246.143.54.131,info
330-87-7399,Nicholas,Little,nlittle12@i2i.jp,KS,185.43.178.111,name
696-39-9824,Kimberly,Coleman,kcoleman13@t.co,FL,28.189.236.54,net
165-35-4306,Benjamin,Smith,bsmith14@gmpg.org,MI,206.65.63.68,com
735-11-2780,Tina,Wells,twells15@edublogs.org,TX,239.91.29.11,edu
115-30-6198,Tammy,Spencer,tspencer16@seattletimes.com,TX,235.13.103.54,edu
654-28-8698,Eugene,Bradley,ebradley17@ftc.gov,CO,138.76.210.33,org
935-67-3322,Jeffrey,Gray,jgray18@typepad.com,TX,32.232.146.4,gov
630-75-3472,Judy,Gilbert,jgilbert19@cdc.gov,CA,15.233.65.118,biz
911-02-9433,Robert,Knight,rknight1a@statcounter.com,FL,76.69.240.104,biz
230-47-1949,Aaron,White,awhite1b@example.com,CA,52.4.211.217,com
624-48-7613,Edward,Diaz,ediaz1c@mozilla.org,WA,226.233.96.222,info
977-33-0494,Kathryn,Jones,kjones1d@yale.edu,MN,164.128.249.74,org
506-47-3273,Gregory,Lee,glee1e@hc360.com,FL,162.165.88.179,com
726-02-3956,Brian,Torres,btorres1f@sogou.com,GA,175.49.57.139,org
219-62-4281,Susan,Henry,shenry1g@usatoday.com,NC,203.213.152.255,name
950-32-9701,Randy,Oliver,roliver1h@behance.net,MO,167.228.184.25,info
739-81-5194,John,Burton,jburton1i@google.de,NY,75.249.226.148,mil
311-41-2393,Heather,Mcdonald,hmcdonald1j@answers.com,TX,216.70.48.22,com
820-94-4760,Teresa,Howard,thoward1k@census.gov,OK,28.47.66.57,info
791-15-2108,Shawn,Murphy,smurphy1l@independent.co.uk,NY,134.94.62.206,mil
870-09-7749,Paul,Fuller,pfuller1m@hubpages.com,AZ,64.70.169.135,gov
469-53-2365,Sandra,Sanders,ssanders1n@wikia.com,MN,208.9.141.186,biz
885-06-8636,Ruby,Murphy,rmurphy1o@booking.com,TX,183.156.248.41,mil
278-99-2062,Joyce,Reynolds,jreynolds1p@360.cn,NY,209.216.188.140,name
583-07-8649,Amy,Reynolds,areynolds1q@spiegel.de,NC,103.106.23.46,org
913-56-4465,Daniel,Palmer,dpalmer1r@bandcamp.com,FL,159.57.18.89,org
940-33-7081,Karen,Stevens,kstevens1s@networksolutions.com,NY,165.151.131.29,net
488-36-7377,Earl,Austin,eaustin1t@sbwire.com,IA,61.188.250.105,info
740-23-6233,Harry,Stanley,hstanley1u@cnet.com,VA,147.92.224.209,org
197-83-2921,Henry,Collins,hcollins1v@dmoz.org,NY,109.44.220.177,com
375-53-2006,Jimmy,Davis,jdavis1w@reference.com,DC,230.147.73.228,mil
639-09-5394,Jonathan,Harrison,jharrison1x@creativecommons.org,IL,214.251.67.195,edu
736-19-6872,Louise,Vasquez,lvasquez1y@ning.com,IN,203.245.77.227,mil
837-46-0167,David,Lynch,dlynch1z@hugedomains.com,MS,20.109.24.82,net
280-82-6128,Raymond,Harrison,rharrison20@ow.ly,FL,113.239.251.13,gov
315-49-0693,Stephanie,Fuller,sfuller21@squidoo.com,TX,255.120.218.5,info
453-40-1205,Roger,Webb,rwebb22@deliciousdays.com,FL,102.105.230.111,net
519-71-4486,Randy,Russell,rrussell23@harvard.edu,LA,135.140.227.252,org
383-71-6820,Debra,Sanders,dsanders24@blogtalkradio.com,NM,3.96.139.45,edu
180-50-4735,Annie,Kelly,akelly25@upenn.edu,WA,163.12.122.120,com
414-19-7391,Martha,Green,mgreen26@biglobe.ne.jp,IL,4.100.231.186,mil
319-75-4329,Frank,Harris,fharris27@mac.com,FL,75.76.250.93,gov
697-39-6973,Maria,Franklin,mfranklin28@thetimes.co.uk,CA,3.233.105.37,name
202-82-7447,Patrick,Meyer,pmeyer29@shop-pro.jp,CA,122.123.76.171,com
686-35-0072,Rebecca,Morgan,rmorgan2a@dailymail.co.uk,OH,247.6.250.23,info
433-23-1435,Daniel,Wallace,dwallace2b@netscape.com,CT,96.71.156.139,com
169-54-8653,Daniel,Chapman,dchapman2c@yandex.ru,IA,209.138.249.77,biz
363-40-0479,Ashley,Ramirez,aramirez2d@histats.com,CA,81.118.99.55,mil
921-95-5974,Brandon,Edwards,bedwards2e@csmonitor.com,DC,48.223.73.88,gov
548-57-5147,Rachel,Wood,rwood2f@oakley.com,FL,195.65.33.6,com
150-91-7807,Cynthia,Hicks,chicks2g@meetup.com,OK,75.125.13.28,net
700-56-3229,Kenneth,Williamson,kwilliamson2h@paginegialle.it,TX,85.5.208.175,edu
916-41-6086,Nicole,Morales,nmorales2i@unblog.fr,MO,14.77.148.137,edu
991-70-4151,Phillip,Gonzalez,pgonzalez2j@mozilla.com,CA,225.36.114.147,edu
941-56-2342,Linda,Lawson,llawson2k@deviantart.com,GA,14.164.17.46,biz
872-73-7955,Nancy,Fisher,nfisher2l@bing.com,SC,255.81.251.118,mil
954-88-9739,Albert,Perkins,aperkins2m@about.com,SD,179.47.161.65,org
380-24-9701,Ralph,Robertson,rrobertson2n@mozilla.com,CA,55.92.86.29,info
929-93-5331,Marilyn,Howard,mhoward2o@craigslist.org,AL,210.222.190.250,name
827-54-7326,Nicholas,Ruiz,nruiz2p@sciencedaily.com,GA,29.218.203.219,info
960-81-6802,Joseph,Phillips,jphillips2q@mail.ru,FL,200.188.126.196,edu
495-25-7774,Joe,Owens,jowens2r@google.ru,VA,117.36.43.166,name
684-23-2171,Katherine,Fernandez,kfernandez2s@opensource.org,CA,248.8.158.92,gov
202-82-3303,Sara,Rogers,srogers2t@odnoklassniki.ru,OR,138.25.140.214,biz
858-52-8143,Alice,Richardson,arichardson2u@yahoo.co.jp,TX,201.137.200.244,net
751-24-0683,Michelle,Mccoy,mmccoy2v@ucoz.com,TN,235.122.14.140,net
885-37-9458,Gerald,Nguyen,gnguyen2w@ycombinator.com,TX,229.36.245.191,info
184-94-7021,Scott,Allen,sallen2x@123-reg.co.uk,MT,136.136.155.102,edu
319-67-3829,Joyce,Coleman,jcoleman2y@nbcnews.com,TX,107.51.93.133,org
852-30-8416,Howard,Hawkins,hhawkins2z@upenn.edu,TX,150.37.243.149,info
384-26-1564,Steven,Alexander,salexander30@com.com,NY,139.184.180.88,info
134-42-3617,Edward,Webb,ewebb31@hp.com,NC,203.45.80.169,net
763-33-4468,Lisa,Harrison,lharrison32@google.co.jp,VA,141.150.251.191,biz
847-66-8684,Evelyn,Nichols,enichols33@blog.com,IL,66.162.176.242,edu
440-40-8548,Wanda,Hamilton,whamilton34@nytimes.com,DC,225.253.226.208,org
997-18-7232,Michelle,Payne,mpayne35@hostgator.com,RI,132.217.147.217,org
668-28-6859,Anne,Rice,arice36@cbc.ca,SC,140.7.72.83,com
646-64-4324,Douglas,Allen,dallen37@1und1.de,CA,89.142.148.77,edu
965-32-4132,Walter,Ferguson,wferguson38@marriott.com,CA,45.175.250.220,net
348-94-2674,Albert,Gutierrez,agutierrez39@hatena.ne.jp,OH,134.179.244.125,edu
781-81-6496,Paula,Hernandez,phernandez3a@hibu.com,MO,130.159.232.111,edu
872-97-3585,Bruce,Hart,bhart3b@uiuc.edu,GA,190.57.215.125,biz
240-94-0622,Jane,Palmer,jpalmer3c@mozilla.com,TX,203.203.113.85,gov
958-77-8037,Kenneth,Mason,kmason3d@smugmug.com,VA,107.128.75.28,name
812-73-6814,Deborah,Gardner,dgardner3e@exblog.jp,NY,130.255.126.73,net
209-55-6261,Robin,Lynch,rlynch3f@e-recht24.de,CA,86.129.164.101,net
761-70-4174,Fred,Andrews,fandrews3g@google.com,AR,234.198.125.154,biz
984-26-9649,Marilyn,Kelley,mkelley3h@clickbank.net,VA,233.147.187.154,org
933-63-2412,Jason,Hunter,jhunter3i@ucoz.ru,FL,217.58.155.210,biz
688-41-6781,Theresa,Black,tblack3j@reddit.com,OK,123.215.2.91,net
177-66-7053,Robin,Moreno,rmoreno3k@altervista.org,PA,75.171.45.231,mil
155-88-1818,Shirley,Burton,sburton3l@unblog.fr,MS,98.163.14.207,mil
200-01-7186,Pamela,Foster,pfoster3m@ucoz.com,TN,100.217.173.77,org
922-65-5886,Linda,Shaw,lshaw3n@themeforest.net,NE,109.196.172.36,gov
247-74-0040,Paul,Johnston,pjohnston3o@seesaa.net,CA,84.226.103.58,mil
332-72-0237,Lawrence,Berry,lberry3p@va.gov,TX,7.93.109.54,info
803-75-2036,Kevin,Washington,kwashington3q@pcworld.com,DC,232.220.251.139,edu
660-12-1096,Shawn,Morgan,smorgan3r@wired.com,NY,38.83.99.45,info
110-29-8587,Katherine,Kelly,kkelly3s@xrea.com,KS,191.53.95.121,info
892-24-1368,Kevin,Hamilton,khamilton3t@studiopress.com,LA,9.153.241.230,gov
247-42-8661,Joyce,Day,jday3u@vimeo.com,CA,19.193.10.161,name
160-16-1800,Harold,Scott,hscott3v@toplist.cz,TX,129.135.7.0,info
974-94-3737,Cheryl,Rodriguez,crodriguez3w@dailymail.co.uk,FL,11.192.14.5,name
480-48-1460,Nancy,Garza,ngarza3x@4shared.com,TX,69.166.3.228,org
346-26-0881,Kimberly,Hawkins,khawkins3y@bizjournals.com,WA,151.21.227.234,name
491-60-9686,Gregory,Turner,gturner3z@state.tx.us,TX,63.251.150.67,name
227-96-3988,Frank,Young,fyoung40@geocities.jp,IN,237.198.235.218,gov
497-74-8423,Lori,Austin,laustin41@unicef.org,AL,217.154.237.13,gov
599-41-6428,Martin,Lee,mlee42@rakuten.co.jp,MO,160.45.95.201,com
857-48-9584,Eugene,Morris,emorris43@shareasale.com,NY,242.226.157.204,org
325-80-4836,Sean,Kennedy,skennedy44@people.com.cn,MN,241.108.20.254,gov
563-15-7614,Christina,Frazier,cfrazier45@icq.com,LA,145.104.15.237,edu
272-45-5314,Jason,Matthews,jmatthews46@reverbnation.com,ID,157.169.151.10,mil
293-64-7088,Albert,Richardson,arichardson47@aboutads.info,FL,9.213.94.200,gov
630-49-1584,Patricia,Duncan,pduncan48@va.gov,CA,198.163.151.221,com
905-68-4127,Stephen,Oliver,soliver49@csmonitor.com,TX,216.215.241.164,mil
644-88-9733,Kimberly,Wallace,kwallace4a@pen.io,FL,225.100.242.209,com
246-20-4741,Emily,Brown,ebrown4b@webnode.com,DC,216.238.25.123,gov
681-35-4526,Jessica,Williams,jwilliams4c@washingtonpost.com,WA,78.181.206.130,com
622-60-6127,Jason,Pierce,jpierce4d@sciencedaily.com,FL,126.222.213.120,org
203-74-9134,Melissa,Williamson,mwilliamson4e@geocities.jp,CA,88.114.52.84,gov
191-32-5658,Christine,Knight,cknight4f@posterous.com,VA,72.217.53.208,mil
699-03-9985,Jose,Carr,jcarr4g@gnu.org,CA,184.216.103.74,mil
820-96-2839,Janice,Kim,jkim4h@kickstarter.com,TX,42.214.74.232,edu
778-19-0563,Paul,Fields,pfields4i@ft.com,DC,8.147.231.65,org
778-17-5710,Joseph,Spencer,jspencer4j@vk.com,AR,57.75.40.12,mil
694-27-2873,Deborah,Kim,dkim4k@geocities.jp,NE,137.122.67.246,mil
746-26-9705,Matthew,Phillips,mphillips4l@howstuffworks.com,WA,170.169.11.122,name
231-71-9420,Joshua,Gordon,jgordon4m@storify.com,NY,64.166.242.121,info
769-50-7627,Norma,Gardner,ngardner4n@springer.com,NV,253.102.241.42,info
132-83-7123,Laura,Wagner,lwagner4o@dagondesign.com,TX,78.238.124.240,gov
635-09-5449,Jeffrey,Garcia,jgarcia4p@yelp.com,AL,233.23.24.3,net
220-66-0803,Brenda,Allen,ballen4q@nih.gov,TX,134.206.219.162,name
891-23-0699,Joe,Fernandez,jfernandez4r@foxnews.com,NE,88.93.170.204,info
229-83-3107,Joe,Murphy,jmurphy4s@hibu.com,FL,178.231.77.27,name
489-13-6874,David,Chapman,dchapman4t@google.es,PA,221.159.136.10,biz
232-71-2218,Anna,Payne,apayne4u@163.com,PA,112.195.11.149,info
199-70-4279,Kevin,Pierce,kpierce4v@uiuc.edu,OK,128.161.216.246,net
227-73-9296,Janet,Young,jyoung4w@imgur.com,TX,86.192.56.38,info
450-24-7491,Rose,Edwards,redwards4x@dell.com,VA,206.181.74.54,gov
187-85-3333,Diana,Wallace,dwallace4y@youtube.com,MD,203.134.178.154,org
281-25-4977,Victor,Bowman,vbowman4z@apache.org,MD,198.23.140.205,edu
115-98-1110,Sharon,Watson,swatson50@loc.gov,FL,191.200.236.163,org
316-68-1859,Maria,Mills,mmills51@about.com,AL,95.8.95.164,biz
782-31-4014,Maria,Graham,mgraham52@addthis.com,TX,221.63.52.104,name
553-71-6103,Nicole,Jackson,njackson53@hostgator.com,TX,149.32.253.186,name
998-15-5446,Paul,Montgomery,pmontgomery54@wikimedia.org,TX,233.114.62.38,org
238-90-5431,Barbara,Collins,bcollins55@people.com.cn,FL,68.117.164.91,name
981-51-5511,Robin,Oliver,roliver56@google.co.jp,FL,29.174.176.231,com
297-68-2866,Mark,Black,mblack57@google.com.hk,KS,38.86.128.86,edu
238-49-1000,Jason,Rodriguez,jrodriguez58@jugem.jp,VA,56.253.19.155,info
969-84-3549,Richard,Payne,rpayne59@telegraph.co.uk,PA,204.139.96.76,name
405-45-9643,Carol,Andrews,candrews5a@harvard.edu,PA,170.3.181.82,org
787-13-2109,Helen,Ortiz,hortiz5b@nsw.gov.au,NY,162.229.48.7,info
875-32-3447,Nancy,Tucker,ntucker5c@ibm.com,DC,208.157.249.24,net
280-74-5239,Johnny,Ray,jray5d@istockphoto.com,IN,107.137.135.95,com
964-48-4973,Brandon,Wells,bwells5e@paginegialle.it,CA,176.235.107.28,edu
951-58-7544,Brenda,Kelley,bkelley5f@weather.com,TX,38.248.239.174,biz
455-07-1891,Joseph,Grant,jgrant5g@google.ca,MI,152.169.1.12,gov
959-08-5783,Jose,Dunn,jdunn5h@fema.gov,NC,253.131.67.213,edu
409-67-2816,Jane,Howard,jhoward5i@github.io,AL,176.238.234.36,name
849-00-8248,Christopher,Kelley,ckelley5j@tripod.com,NM,43.142.155.52,gov
420-74-6413,Patricia,Ellis,pellis5k@bandcamp.com,TX,252.70.213.254,info
182-18-0380,Lisa,Watkins,lwatkins5l@sina.com.cn,TX,151.134.214.34,gov
586-82-4050,Juan,Simpson,jsimpson5m@about.me,GA,115.171.241.170,net
647-14-2369,Gerald,Johnson,gjohnson5n@hugedomains.com,TX,177.47.226.43,net
472-57-8701,Kathy,Freeman,kfreeman5o@thetimes.co.uk,AL,206.142.215.211,mil
886-50-9579,Karen,Richards,krichards5p@slashdot.org,CA,185.73.35.226,net
555-53-8286,Irene,Mccoy,imccoy5q@prweb.com,NY,116.41.140.219,com
546-35-0856,Benjamin,Mendoza,bmendoza5r@aol.com,NE,226.204.6.22,biz
805-40-0474,Ronald,Rose,rrose5s@xing.com,NV,127.87.142.199,org
840-55-1244,Bonnie,Elliott,belliott5t@jalbum.net,TX,25.153.161.152,name
978-74-8921,Judy,Elliott,jelliott5u@istockphoto.com,TN,219.196.134.245,org
151-88-6117,Martha,Hawkins,mhawkins5v@va.gov,OH,219.169.229.149,org
762-08-7360,Norma,Murray,nmurray5w@boston.com,FL,207.159.173.151,info
460-26-4716,Jose,Dixon,jdixon5x@a8.net,VA,38.52.156.184,edu
806-73-1598,Marie,Little,mlittle5y@prnewswire.com,IN,118.119.125.115,biz
668-87-8683,Denise,Ortiz,dortiz5z@dyndns.org,FL,25.35.177.84,gov
984-65-3369,Joe,Lopez,jlopez60@joomla.org,TX,205.237.73.102,net
224-96-9131,Johnny,Hunt,jhunt61@issuu.com,MD,103.241.44.142,info
531-80-2662,Dennis,Tucker,dtucker62@jigsy.com,NY,3.181.177.37,edu
508-94-3713,Ruby,Reyes,rreyes63@ameblo.jp,WA,48.208.0.78,gov
113-82-8215,Laura,Allen,lallen64@skype.com,DC,173.194.167.151,mil
131-78-7597,Willie,Sanchez,wsanchez65@nationalgeographic.com,CA,240.49.252.172,com
296-74-9519,Dennis,Ryan,dryan66@ovh.net,GA,111.17.73.69,name
752-22-3781,Pamela,Watkins,pwatkins67@soup.io,CA,131.217.220.49,gov
297-11-1227,Linda,Carter,lcarter68@buzzfeed.com,NE,173.27.226.232,info
778-99-6641,Jimmy,Crawford,jcrawford69@storify.com,NM,141.183.234.115,edu
504-75-3283,Nancy,Simpson,nsimpson6a@uiuc.edu,GA,26.93.174.255,com
126-85-3371,Denise,King,dking6b@cbsnews.com,NV,194.203.67.42,net
580-45-8020,Cheryl,Reynolds,creynolds6c@jiathis.com,KS,68.93.36.27,edu
582-09-0038,Dorothy,West,dwest6d@devhub.com,TX,41.201.59.231,name
986-63-3416,Shirley,Watson,swatson6e@360.cn,FL,222.186.196.116,edu
475-77-0689,Joshua,Webb,jwebb6f@biglobe.ne.jp,DC,200.191.185.32,net
241-27-8208,Kimberly,Alvarez,kalvarez6g@phoca.cz,DC,240.9.175.139,biz
771-43-6721,Diana,James,djames6h@elpais.com,MD,105.200.37.54,gov
581-10-4097,Ruth,Watson,rwatson6i@netlog.com,MD,143.122.39.176,edu
478-60-4545,Jonathan,Morgan,jmorgan6j@vimeo.com,NC,255.205.147.163,gov
862-58-2378,Nicole,Perkins,nperkins6k@usnews.com,MN,35.32.58.112,net
405-74-2960,Joseph,Ferguson,jferguson6l@goodreads.com,FL,49.194.232.16,mil
322-32-0205,Amanda,Mitchell,amitchell6m@google.com.hk,DC,147.214.51.230,org
308-17-3617,Jonathan,Hunter,jhunter6n@gov.uk,NY,25.157.116.228,name
644-48-2720,Edward,Cunningham,ecunningham6o@shareasale.com,TX,179.26.108.149,mil
549-73-3845,Scott,Reynolds,sreynolds6p@npr.org,MO,190.104.208.255,gov
604-81-0583,Benjamin,Russell,brussell6q@netvibes.com,CA,97.76.202.151,net
620-35-5405,Michelle,Bowman,mbowman6r@cloudflare.com,TX,178.14.49.226,mil
969-86-1361,Debra,Turner,dturner6s@addthis.com,TN,87.126.198.253,name
682-44-5206,Marilyn,Nichols,mnichols6t@goo.gl,NY,79.2.112.133,info
404-63-2744,Howard,Thompson,hthompson6u@prlog.org,MN,117.64.168.239,info
680-69-1838,Phillip,Henderson,phenderson6v@ebay.co.uk,PA,44.96.222.249,net
412-71-1380,Donna,Owens,dowens6w@umn.edu,DC,59.255.71.32,biz
784-72-6178,Judy,Black,jblack6x@paginegialle.it,NY,69.229.168.140,biz
968-75-1950,Philip,Hart,phart6y@edublogs.org,NJ,133.128.86.195,biz
758-72-4548,William,Frazier,wfrazier6z@alibaba.com,CA,69.22.16.200,name
131-98-9684,Carolyn,Warren,cwarren70@microsoft.com,PA,134.72.32.247,net
671-65-7375,Rebecca,Carr,rcarr71@wikimedia.org,DC,60.247.20.25,biz
691-05-3707,Melissa,Hernandez,mhernandez72@loc.gov,CA,64.5.6.205,edu
172-52-1927,Laura,Morgan,lmorgan73@dot.gov,NY,113.78.101.178,mil
121-48-5736,Timothy,Knight,tknight74@godaddy.com,GA,194.211.132.41,edu
999-83-3099,Edward,Robertson,erobertson75@angelfire.com,OH,218.1.255.86,mil
366-33-8518,Gloria,Murray,gmurray76@multiply.com,FL,100.24.54.212,gov
778-49-7958,Paula,Lane,plane77@indiatimes.com,TX,66.193.148.235,com
838-15-0323,Wayne,Wagner,wwagner78@nytimes.com,CO,7.155.118.109,edu
192-91-1518,Christine,Walker,cwalker79@nps.gov,PA,3.54.121.62,info
501-41-0670,Joan,Hanson,jhanson7a@e-recht24.de,MO,162.76.97.99,net
994-89-8995,Todd,Russell,trussell7b@flickr.com,TN,227.89.3.94,com
995-20-5993,Gregory,Ramos,gramos7c@xrea.com,NY,45.0.80.7,edu
981-13-6931,Albert,Mills,amills7d@histats.com,MT,135.62.67.106,info
252-07-2734,Victor,Morris,vmorris7e@youku.com,OH,241.15.231.47,org
226-86-0948,Samuel,Reid,sreid7f@behance.net,NY,197.32.205.206,edu
453-50-6444,Jose,Thomas,jthomas7g@sogou.com,TN,214.229.81.133,net
323-40-7822,Pamela,Jordan,pjordan7h@google.fr,TX,74.40.100.238,org
550-45-8325,Jack,Taylor,jtaylor7i@g.co,TX,193.89.247.190,org
986-88-5573,Beverly,Ferguson,bferguson7j@tamu.edu,MI,235.77.249.101,mil
753-19-0918,Janet,Howell,jhowell7k@nationalgeographic.com,TX,193.189.192.217,info
230-63-0673,Louis,Washington,lwashington7l@illinois.edu,MI,130.56.82.159,net
687-38-5999,Kathleen,Sanchez,ksanchez7m@livejournal.com,TX,134.127.186.216,name
191-52-8694,Kathryn,Oliver,koliver7n@google.co.jp,TX,129.56.103.56,mil
611-77-0102,Paul,Phillips,pphillips7o@newyorker.com,OH,39.59.203.220,mil
671-66-0541,James,Cook,jcook7p@live.com,NY,124.253.163.92,mil
722-85-8423,Carl,Hicks,chicks7q@noaa.gov,OH,44.130.74.117,edu
823-81-9650,Lisa,Hernandez,lhernandez7r@toplist.cz,IN,214.34.94.126,net
754-14-6820,Roy,Garcia,rgarcia7s@dion.ne.jp,AZ,33.204.132.234,org
538-66-2719,Patricia,Hanson,phanson7t@hhs.gov,CA,134.140.49.221,com
883-50-4904,John,Arnold,jarnold7u@earthlink.net,WA,145.178.66.22,biz
489-83-3133,Willie,Cole,wcole7v@ucoz.com,CO,16.11.165.159,net
619-46-9226,Alice,Gomez,agomez7w@sphinn.com,FL,143.176.50.190,net
494-89-7746,Jessica,Wright,jwright7x@youtu.be,CA,143.93.102.27,org
795-31-0595,Frank,Gordon,fgordon7y@so-net.ne.jp,VA,132.87.188.191,biz
993-25-8153,Michelle,Stanley,mstanley7z@ucoz.ru,CA,196.231.23.211,net
825-16-9366,Arthur,Fields,afields80@sogou.com,NJ,127.224.223.120,org
324-14-0544,Arthur,Mills,amills81@nba.com,MD,123.80.213.27,com
551-27-8594,Kevin,Bailey,kbailey82@globo.com,ND,91.117.73.93,mil
556-81-7748,Steven,Stanley,sstanley83@uiuc.edu,WA,135.91.36.232,com
769-41-8580,Craig,Powell,cpowell84@spiegel.de,TX,85.165.186.199,mil
453-82-7326,Richard,Clark,rclark85@bloomberg.com,TX,134.96.167.21,gov
401-71-7137,Peter,Lawson,plawson86@adobe.com,VA,236.170.95.99,gov
521-56-6372,Phillip,Mills,pmills87@people.com.cn,AR,181.0.128.133,mil
500-40-6581,Patricia,Lawrence,plawrence88@is.gd,OK,0.169.242.243,com
590-06-9595,Marie,Lane,mlane89@booking.com,DC,154.37.167.62,com
240-45-4123,Bruce,Flores,bflores8a@naver.com,CA,9.82.40.98,net
983-06-2286,Harold,Green,hgreen8b@a8.net,FL,208.137.124.221,org
987-46-5529,Daniel,Willis,dwillis8c@tamu.edu,OH,62.149.221.137,name
468-38-9268,Benjamin,Miller,bmiller8d@amazon.com,MO,159.1.133.132,edu
877-55-5360,Sarah,Tucker,stucker8e@reuters.com,NC,187.50.195.208,net
704-90-4351,Jeremy,Hicks,jhicks8f@constantcontact.com,MO,4.155.229.50,gov
971-63-1768,Karen,Alvarez,kalvarez8g@state.gov,NM,210.235.46.130,gov
811-81-2900,Samuel,Parker,sparker8h@shutterfly.com,MD,95.130.125.250,com
251-76-4018,Lillian,Fernandez,lfernandez8i@tuttocitta.it,VA,177.178.215.198,name
348-05-1607,Edward,Thomas,ethomas8j@typepad.com,CA,15.46.113.99,edu
440-42-9525,Johnny,Gordon,jgordon8k@opera.com,IN,57.161.111.108,edu
539-85-2194,Anne,Harrison,aharrison8l@indiatimes.com,VA,0.63.191.207,edu
632-02-4388,Gregory,Gray,ggray8m@arstechnica.com,VA,250.123.216.140,gov
453-47-3858,Jack,Ward,jward8n@marriott.com,CA,119.185.44.58,net
363-47-5321,Jane,Mccoy,jmccoy8o@psu.edu,TX,18.249.130.68,gov
238-49-8495,Louis,Oliver,loliver8p@baidu.com,DC,43.84.214.255,mil
149-55-5228,Cynthia,Simmons,csimmons8q@yahoo.co.jp,TN,74.21.168.111,name
241-00-3282,Cynthia,Wilson,cwilson8r@chron.com,TX,223.28.127.38,mil
372-64-4642,Scott,Moreno,smoreno8s@seesaa.net,KY,216.241.47.195,name
713-04-8025,Barbara,Thompson,bthompson8t@smugmug.com,CO,152.213.121.33,net
535-67-1797,Robert,Harper,rharper8u@howstuffworks.com,CA,125.221.163.98,org
381-24-1010,Brenda,Campbell,bcampbell8v@acquirethisname.com,MN,119.87.95.102,edu
683-98-0433,Harold,Foster,hfoster8w@unblog.fr,IL,177.3.246.28,biz
397-27-6303,Rose,Gutierrez,rgutierrez8x@linkedin.com,KY,76.195.196.238,name
630-33-7862,Aaron,Ramirez,aramirez8y@123-reg.co.uk,TX,84.107.75.231,info
736-23-8049,Anna,Moreno,amoreno8z@hibu.com,IN,197.103.220.127,org
618-76-2563,Melissa,Frazier,mfrazier90@latimes.com,AZ,106.117.208.24,org
509-12-4969,Michelle,Johnson,mjohnson91@mozilla.org,CA,127.63.158.237,biz
623-34-1242,Justin,Harrison,jharrison92@rakuten.co.jp,AK,6.36.149.202,edu
164-11-4738,Judith,Brown,jbrown93@cnet.com,WV,234.81.230.159,gov
155-64-5580,Sharon,Ryan,sryan94@abc.net.au,FL,100.26.66.106,org
223-16-8668,Beverly,Olson,bolson95@nbcnews.com,HI,95.53.55.168,mil
117-63-3129,Thomas,Young,tyoung96@themeforest.net,TX,134.112.94.71,edu
944-86-8377,Ronald,Dunn,rdunn97@ifeng.com,AR,3.114.25.48,org
396-91-0697,Rose,Brooks,rbrooks98@ameblo.jp,WA,248.179.103.54,com
626-53-7020,Billy,Armstrong,barmstrong99@hexun.com,AL,41.148.247.5,name
757-27-1071,Daniel,Gonzales,dgonzales9a@is.gd,HI,137.171.145.242,edu
633-41-2259,Keith,Daniels,kdaniels9b@oaic.gov.au,IN,182.121.94.41,biz
477-78-3550,George,Baker,gbaker9c@hao123.com,NY,126.214.151.47,edu
126-82-1533,Tina,Fields,tfields9d@unc.edu,GA,13.123.249.228,com
849-85-1490,Carl,Nichols,cnichols9e@telegraph.co.uk,MO,3.176.57.110,com
710-68-6788,Jeremy,Watkins,jwatkins9f@nih.gov,CT,247.122.248.153,org
217-74-2660,Jeremy,Arnold,jarnold9g@go.com,MO,61.83.119.55,biz
796-05-3214,Roger,Willis,rwillis9h@cbsnews.com,TX,5.150.184.48,biz
864-03-5426,Cheryl,Montgomery,cmontgomery9i@techcrunch.com,OH,218.198.150.112,org
558-79-2760,Deborah,Ramos,dramos9j@hud.gov,CA,131.212.51.185,biz
285-23-9822,Diana,Clark,dclark9k@berkeley.edu,CO,130.132.147.41,net
532-88-8663,Paul,Wells,pwells9l@ask.com,MD,237.25.212.159,name
752-70-4788,Arthur,Henderson,ahenderson9m@histats.com,IA,60.150.68.44,gov
162-87-6348,Diane,Romero,dromero9n@issuu.com,NV,90.206.169.106,org
550-28-4365,Judith,Dunn,jdunn9o@aboutads.info,CA,171.34.142.219,net
674-58-9694,Christina,Ellis,cellis9p@uol.com.br,MS,71.213.111.225,com
247-87-9280,Catherine,Hamilton,chamilton9q@lulu.com,KY,95.14.249.232,name
340-57-8422,Jack,Miller,jmiller9r@mayoclinic.com,AL,169.42.159.112,org
908-68-0455,Shirley,Romero,sromero9s@japanpost.jp,FL,3.101.39.38,info
608-11-5654,Bonnie,Garza,bgarza9t@noaa.gov,GA,133.168.205.161,org
255-64-1021,Annie,Jackson,ajackson9u@shinystat.com,NC,159.143.13.235,net
555-77-6807,Gregory,Nelson,gnelson9v@imgur.com,OK,119.92.87.46,net
144-65-5965,Louis,Moore,lmoore9w@npr.org,LA,113.128.170.84,edu
800-35-0277,Keith,Marshall,kmarshall9x@parallels.com,WV,185.175.248.153,edu
768-69-2269,Betty,White,bwhite9y@gmpg.org,OK,76.236.149.179,edu
692-35-5632,Eugene,White,ewhite9z@admin.ch,NC,22.33.210.137,mil
262-27-2293,Ann,Anderson,aandersona0@intel.com,AL,118.190.79.119,com
867-70-0531,Ryan,Ferguson,rfergusona1@xing.com,TX,228.242.108.36,biz
204-27-8295,Bruce,Cook,bcooka2@cnn.com,TX,238.22.64.157,com
191-84-7625,James,Fox,jfoxa3@smh.com.au,FL,8.194.12.67,com
197-31-2804,Steve,Olson,solsona4@i2i.jp,CA,93.88.6.212,edu
702-84-9391,Tammy,Wells,twellsa5@epa.gov,GA,211.142.93.194,mil
360-61-9605,Keith,Mason,kmasona6@about.me,TX,80.24.124.164,net
104-39-3639,Jeffrey,Richardson,jrichardsona7@state.tx.us,AL,194.240.203.222,info
387-65-3268,Susan,Perry,sperrya8@google.com.br,IA,95.215.45.44,net
426-39-5364,Linda,Taylor,ltaylora9@cnbc.com,ID,112.34.254.75,gov
489-98-6237,Louise,Kennedy,lkennedyaa@fema.gov,PA,65.204.129.129,com
414-07-0427,Jimmy,Fernandez,jfernandezab@nymag.com,TX,113.69.66.92,org
362-34-6351,Carl,Franklin,cfranklinac@dot.gov,NV,30.69.171.48,mil
235-22-4281,Carl,Cole,ccolead@spotify.com,MD,217.121.144.91,net
613-11-3941,Kenneth,Kelly,kkellyae@cpanel.net,ND,101.89.169.127,com
678-19-2569,Robin,Jordan,rjordanaf@yellowpages.com,GA,33.186.55.142,info
316-32-3850,Jean,Evans,jevansag@zdnet.com,FL,93.178.72.82,biz
224-91-2357,Todd,Myers,tmyersah@msn.com,NY,235.5.25.75,info
377-20-7128,Brenda,Johnston,bjohnstonai@ted.com,NY,31.76.161.192,com
915-81-3540,Pamela,Lawrence,plawrenceaj@opensource.org,CA,252.124.68.189,biz
568-57-2491,Benjamin,Schmidt,bschmidtak@oracle.com,MD,51.188.20.143,mil
570-52-5151,Maria,Lee,mleeal@fastcompany.com,OR,188.19.147.31,edu
672-18-9645,Sara,Boyd,sboydam@netvibes.com,FL,237.241.162.153,org
694-17-0788,Jacqueline,Howard,jhowardan@toplist.cz,CO,236.233.105.75,net
184-68-4469,Amy,Ramos,aramosao@tiny.cc,NY,10.97.18.235,net
883-58-7309,Robin,Vasquez,rvasquezap@mail.ru,TN,250.194.207.203,net
116-73-0362,Gregory,Hart,ghartaq@army.mil,TN,109.59.190.52,biz
321-51-9172,Jesse,Hayes,jhayesar@nifty.com,OH,211.76.242.222,mil
761-53-0050,Albert,Gordon,agordonas@slideshare.net,GA,249.25.161.45,info
751-00-7022,Juan,Williamson,jwilliamsonat@xrea.com,TX,184.82.189.248,info
587-81-8004,Kelly,Bryant,kbryantau@biblegateway.com,PA,91.207.8.108,edu
232-98-2827,Steve,Harris,sharrisav@slashdot.org,IL,100.119.17.24,edu
881-95-6086,Jessica,Brooks,jbrooksaw@ning.com,FL,135.57.60.237,net
371-78-9336,Raymond,Peters,rpetersax@mozilla.org,CO,190.212.105.212,com
365-83-0397,Frances,Reid,freiday@naver.com,NY,30.160.3.161,info
623-38-9783,Kelly,Wells,kwellsaz@oaic.gov.au,MO,179.90.124.133,name
800-67-1964,Anthony,Franklin,afranklinb0@yelp.com,CO,82.123.26.251,org
306-76-9029,Lori,Crawford,lcrawfordb1@go.com,WI,103.38.163.118,biz
191-83-3672,Marilyn,Garrett,mgarrettb2@state.tx.us,FL,154.87.125.216,name
721-73-9824,Christine,Collins,ccollinsb3@tuttocitta.it,IN,168.68.171.49,name
177-73-2399,Timothy,Gray,tgrayb4@miitbeian.gov.cn,TX,140.204.222.18,mil
554-49-4796,Katherine,Wilson,kwilsonb5@army.mil,MO,115.222.118.91,com
245-17-4135,Katherine,Franklin,kfranklinb6@washingtonpost.com,AZ,26.172.242.156,name
156-20-5707,Amy,Hunt,ahuntb7@cloudflare.com,CA,63.63.134.164,org
436-11-6726,Ronald,Burton,rburtonb8@tamu.edu,CA,86.242.232.204,org
439-92-0695,Jimmy,Hamilton,jhamiltonb9@webmd.com,SC,248.30.181.105,gov
496-18-9893,Ralph,Wood,rwoodba@flavors.me,LA,81.130.4.163,com
475-26-1981,Paula,Austin,paustinbb@irs.gov,IN,29.18.111.107,edu
621-07-5942,Elizabeth,Armstrong,earmstrongbc@ihg.com,MD,92.250.137.255,edu
533-46-5148,William,Wright,wwrightbd@edublogs.org,TX,248.11.203.117,gov
744-38-8265,Stephen,Welch,swelchbe@bizjournals.com,TX,65.102.133.230,mil
826-36-6701,Doris,Martin,dmartinbf@macromedia.com,CA,83.194.36.202,name
465-08-5749,Gerald,Griffin,ggriffinbg@cbsnews.com,KS,69.247.125.240,name
510-43-6716,Brian,Flores,bfloresbh@wired.com,WA,133.179.216.90,biz
423-86-6081,Harry,Nelson,hnelsonbi@t-online.de,CA,103.57.45.100,com
972-11-5599,Alan,Willis,awillisbj@dailymail.co.uk,CA,124.111.46.229,org
323-76-0171,Evelyn,Powell,epowellbk@1688.com,PA,8.255.25.167,edu
694-56-0514,Eugene,Howard,ehowardbl@nasa.gov,CA,120.59.111.69,info
405-68-5376,Kelly,Welch,kwelchbm@google.co.uk,IL,132.235.177.61,biz
720-64-2798,Richard,Hamilton,rhamiltonbn@answers.com,CA,172.8.235.112,mil
573-92-0879,Debra,Jacobs,djacobsbo@newsvine.com,FL,205.102.16.91,mil
991-07-6019,Donald,Griffin,dgriffinbp@sourceforge.net,DC,66.78.30.4,info
524-88-1170,Theresa,Ramos,tramosbq@simplemachines.org,TX,107.187.4.87,biz
519-17-9202,Beverly,Mendoza,bmendozabr@over-blog.com,DC,113.97.105.16,com
181-06-2462,Ralph,Grant,rgrantbs@globo.com,MA,49.216.147.233,biz
494-31-8851,Steve,Ellis,sellisbt@cloudflare.com,TX,233.227.56.69,name
603-48-3821,Carlos,Patterson,cpattersonbu@vimeo.com,NV,218.116.53.92,name
797-60-2140,Douglas,Howard,dhowardbv@bing.com,TN,157.240.81.21,biz
755-31-0928,Katherine,James,kjamesbw@wired.com,MI,221.155.133.57,com
568-93-0494,Melissa,Watkins,mwatkinsbx@shop-pro.jp,DC,127.227.40.29,gov
124-43-4811,Jane,Chapman,jchapmanby@google.nl,FL,203.253.224.56,org
938-56-0630,Jack,Fisher,jfisherbz@upenn.edu,CA,136.110.207.0,com
295-67-8880,Robin,Cole,rcolec0@google.nl,IL,122.106.245.2,mil
817-30-7993,Sara,Brown,sbrownc1@goo.gl,MA,42.12.166.20,com
215-92-2791,Eric,Young,eyoungc2@berkeley.edu,TX,8.99.42.99,com
939-69-0086,Mildred,Weaver,mweaverc3@digg.com,FL,119.126.169.43,org
984-02-0945,Edward,Bishop,ebishopc4@time.com,PA,8.0.92.39,biz
545-86-2972,Roger,Williams,rwilliamsc5@mail.ru,NM,223.173.157.40,biz
679-13-0388,Carlos,Collins,ccollinsc6@phoca.cz,OR,142.169.27.239,biz
738-78-9255,Lawrence,Schmidt,lschmidtc7@ezinearticles.com,WV,154.195.71.157,mil
779-55-4215,Matthew,Jackson,mjacksonc8@columbia.edu,OH,172.102.248.146,mil
167-03-8607,Judy,Reed,jreedc9@networksolutions.com,TX,146.191.172.163,mil
711-61-2377,Ann,Little,alittleca@epa.gov,TX,208.9.153.101,net
756-19-0537,Douglas,Mccoy,dmccoycb@nifty.com,SD,33.26.2.84,org
318-63-3467,Joseph,Carpenter,jcarpentercc@time.com,CA,127.46.150.232,gov
908-38-9132,Raymond,Wheeler,rwheelercd@unesco.org,NY,166.131.94.224,com
627-86-2027,Craig,Murray,cmurrayce@cmu.edu,CA,233.58.63.182,gov
828-85-2379,Kathy,Olson,kolsoncf@microsoft.com,TX,7.99.217.168,org
812-59-5262,Benjamin,Wilson,bwilsoncg@lycos.com,CA,130.183.150.57,mil
592-39-0310,Kenneth,Elliott,kelliottch@statcounter.com,FL,46.18.161.126,edu
460-53-9945,Ernest,Perry,eperryci@japanpost.jp,KY,149.224.1.121,biz
978-71-8866,Brian,Mccoy,bmccoycj@gnu.org,WA,166.197.177.236,biz
457-98-7034,Janice,Hansen,jhansenck@typepad.com,FL,84.72.192.130,info
971-20-4860,Beverly,Gonzales,bgonzalescl@homestead.com,UT,107.220.207.17,mil
849-99-2895,Kevin,Hernandez,khernandezcm@pcworld.com,TX,138.210.193.184,biz
685-15-8205,Diane,Stevens,dstevenscn@bloomberg.com,TX,164.148.215.243,name
105-23-7891,Catherine,Chavez,cchavezco@census.gov,NC,115.23.139.220,com
984-15-3981,John,Payne,jpaynecp@ucla.edu,CA,47.50.12.154,biz
522-20-7710,Sara,Chapman,schapmancq@loc.gov,TN,22.177.245.246,biz
675-72-8061,Diana,Washington,dwashingtoncr@bing.com,KY,43.220.3.101,com
491-59-6546,Melissa,Carter,mcartercs@goodreads.com,CA,15.168.255.147,mil
440-90-1912,Jimmy,Coleman,jcolemanct@zdnet.com,SC,166.85.206.52,edu
830-36-0736,Ryan,Lane,rlanecu@europa.eu,TX,213.195.124.172,edu
453-06-7261,Keith,Morales,kmoralescv@aol.com,MI,91.169.65.32,gov
936-76-2709,Mildred,Ward,mwardcw@admin.ch,FL,19.37.198.113,com
467-88-4708,Dennis,Wilson,dwilsoncx@rambler.ru,FL,133.212.220.126,biz
768-68-0052,Donald,Hernandez,dhernandezcy@state.gov,VA,3.84.62.124,edu
200-35-8576,Thomas,Stone,tstonecz@boston.com,FL,39.116.178.16,name
171-15-4741,Johnny,Garrett,jgarrettd0@tinypic.com,OH,235.32.187.9,name
402-02-5935,John,Dixon,jdixond1@trellian.com,NV,159.111.216.161,biz
712-06-6926,Earl,Scott,escottd2@ifeng.com,FL,117.5.87.68,biz
527-03-0170,Terry,Fisher,tfisherd3@eepurl.com,KY,109.21.140.1,mil
889-12-4753,Billy,Porter,bporterd4@home.pl,OK,105.68.145.237,mil
602-36-9137,Fred,Evans,fevansd5@furl.net,MA,144.85.181.27,name
398-90-1492,Mary,Cole,mcoled6@ycombinator.com,TX,4.29.89.105,mil
994-58-8967,Daniel,Matthews,dmatthewsd7@chronoengine.com,WV,177.75.210.226,com
512-93-7733,Jerry,Andrews,jandrewsd8@yahoo.co.jp,NY,59.216.184.136,org
214-14-8438,Philip,Payne,ppayned9@webs.com,TX,132.153.102.202,gov
739-97-7270,Keith,Phillips,kphillipsda@mapy.cz,CA,50.247.92.12,biz
254-75-3479,Betty,Garrett,bgarrettdb@rakuten.co.jp,TX,11.141.149.228,name
129-83-5844,Dennis,Hicks,dhicksdc@princeton.edu,MI,122.115.13.67,gov
398-86-7171,Heather,Mitchell,hmitchelldd@craigslist.org,NH,27.81.149.244,net
472-98-5285,Timothy,Riley,trileyde@issuu.com,TX,159.157.101.70,net
927-44-5894,Mary,Murphy,mmurphydf@drupal.org,WV,193.11.50.91,edu
360-32-9665,Jonathan,Hunter,jhunterdg@unicef.org,MD,72.124.224.219,edu
561-52-4487,Martin,Marshall,mmarshalldh@fema.gov,CA,152.220.129.195,info
496-89-3376,Ernest,Perkins,eperkinsdi@house.gov,MA,124.13.132.77,com
483-23-4398,Louis,Anderson,landersondj@wix.com,WV,201.4.35.88,edu
864-61-5878,Joshua,Spencer,jspencerdk@accuweather.com,MA,39.130.219.224,biz
827-83-3337,Frances,Lee,fleedl@wordpress.com,FL,247.0.124.3,biz
202-74-8282,Alan,Fowler,afowlerdm@vk.com,DC,226.167.109.230,net
578-87-0103,Jeffrey,Ramos,jramosdn@cnn.com,DC,218.251.188.14,info
704-75-1177,Carol,James,cjamesdo@parallels.com,CO,41.27.110.189,edu
715-66-3014,Phillip,Henry,phenrydp@nytimes.com,MA,178.50.202.54,net
739-30-8364,Shirley,Crawford,scrawforddq@cbc.ca,TX,85.27.164.199,com
412-67-9708,Frances,Fernandez,ffernandezdr@51.la,TN,77.122.154.54,gov
283-18-3620,Elizabeth,Lewis,elewisds@netvibes.com,CA,33.21.37.9,edu
141-16-9723,Ronald,Gonzales,rgonzalesdt@java.com,NY,111.68.117.1,com
889-15-7813,Marie,Mccoy,mmccoydu@sina.com.cn,NV,237.126.93.158,gov
140-51-6813,Victor,Morrison,vmorrisondv@disqus.com,IL,108.5.115.189,info
499-29-7660,Louise,Rivera,lriveradw@sitemeter.com,NY,88.253.69.114,gov
878-56-5708,Elizabeth,Lee,eleedx@barnesandnoble.com,CO,242.51.47.209,info
193-17-0421,Kenneth,Willis,kwillisdy@stanford.edu,CA,251.174.101.135,org
556-76-1636,Frank,Ellis,fellisdz@google.fr,VA,106.97.129.213,mil
427-44-6623,Gregory,Reed,greede0@usatoday.com,CA,91.121.96.80,edu
819-00-9500,Virginia,Flores,vflorese1@themeforest.net,IN,251.125.101.218,org
954-80-6906,Patrick,Perez,ppereze2@theglobeandmail.com,GA,214.189.49.182,biz
791-25-6035,Stephen,Olson,solsone3@ovh.net,IN,179.247.247.31,biz
371-42-3693,Rachel,Gonzalez,rgonzaleze4@nba.com,NY,102.215.229.114,name
580-14-9644,Karen,Porter,kportere5@intel.com,FL,31.200.141.13,name
524-04-7556,Lawrence,Meyer,lmeyere6@w3.org,CA,126.69.41.53,biz
956-65-2064,Joshua,Fuller,jfullere7@opera.com,FL,42.211.47.203,edu
683-00-1865,Jimmy,Riley,jrileye8@freewebs.com,TN,171.187.56.125,com
743-21-0455,Jonathan,Reyes,jreyese9@google.fr,MN,83.220.187.58,mil
897-97-4378,Lori,Perez,lperezea@cnbc.com,FL,165.134.219.235,org
436-29-3626,Ryan,Sanchez,rsanchezeb@tmall.com,MA,138.161.165.108,gov
870-34-7519,Nicholas,Jacobs,njacobsec@springer.com,NY,158.206.232.236,gov
970-99-3689,Teresa,Romero,tromeroed@t-online.de,AL,198.30.178.117,gov
794-79-2816,Jeffrey,Scott,jscottee@surveymonkey.com,CA,208.104.22.102,info
258-68-6526,Gary,Kennedy,gkennedyef@facebook.com,WA,157.69.123.13,biz
327-60-5345,Ryan,Murphy,rmurphyeg@columbia.edu,PA,52.193.73.177,gov
724-61-1226,Russell,Pierce,rpierceeh@omniture.com,LA,241.103.109.248,net
811-11-3915,Gloria,Hall,ghallei@ftc.gov,CA,166.180.132.130,edu
879-03-5361,Justin,Day,jdayej@businesswire.com,CA,132.141.105.179,info
190-45-5327,Angela,Oliver,aoliverek@acquirethisname.com,LA,3.92.74.30,net
654-25-3917,Joyce,Roberts,jrobertsel@weebly.com,MN,24.209.117.214,net
659-03-3717,Norma,Cook,ncookem@newyorker.com,NM,109.155.220.244,biz
181-31-8527,Dennis,Davis,ddavisen@dedecms.com,MI,237.103.92.162,org
773-47-7592,Arthur,Brown,abrowneo@spiegel.de,CA,214.82.92.152,biz
101-00-0465,Jason,Kennedy,jkennedyep@ustream.tv,CO,164.86.228.162,info
941-88-7242,Chris,Robertson,crobertsoneq@alexa.com,AZ,5.220.196.92,com
872-81-2198,Edward,Freeman,efreemaner@opensource.org,NV,79.4.200.67,biz
722-69-7884,Timothy,Kelly,tkellyes@sphinn.com,IL,238.185.253.237,net
994-35-7593,Raymond,Boyd,rboydet@loc.gov,OH,136.179.118.5,info
776-02-3622,James,Cole,jcoleeu@hexun.com,CA,229.162.204.151,gov
836-84-7806,Roger,Sims,rsimsev@tinyurl.com,MO,105.249.173.3,org
867-99-1345,Shawn,Williams,swilliamsew@tuttocitta.it,OH,148.121.44.89,edu
818-26-6235,Carlos,Robinson,crobinsonex@exblog.jp,SC,234.87.133.21,mil
697-10-6500,Brenda,Jenkins,bjenkinsey@mac.com,OH,120.113.59.60,net
997-05-6760,Scott,Wood,swoodez@pinterest.com,CA,211.129.48.29,biz
859-48-5454,Ryan,Campbell,rcampbellf0@theatlantic.com,CA,123.60.71.48,biz
117-58-6336,Cheryl,Simpson,csimpsonf1@wunderground.com,CO,104.168.133.82,net
331-44-2343,Harry,Adams,hadamsf2@alibaba.com,OH,32.151.228.51,mil
510-85-5902,Anthony,Greene,agreenef3@reverbnation.com,MO,239.131.94.128,org
790-64-8896,Beverly,Hanson,bhansonf4@cocolog-nifty.com,CA,181.144.222.228,biz
415-69-4062,Jacqueline,Stewart,jstewartf5@uiuc.edu,FL,25.4.17.209,com
401-76-4365,Craig,Gardner,cgardnerf6@usgs.gov,TX,126.226.154.96,com
894-71-6676,Jean,Rodriguez,jrodriguezf7@google.com.au,WV,28.126.13.216,gov
463-92-1711,Benjamin,Brooks,bbrooksf8@redcross.org,TX,255.190.97.109,info
594-18-9949,Robin,Cunningham,rcunninghamf9@cnbc.com,MD,216.59.252.16,name
463-12-2601,Ruth,Miller,rmillerfa@zdnet.com,CA,110.59.249.117,mil
546-93-5775,Adam,Spencer,aspencerfb@yale.edu,TX,205.190.130.160,biz
167-61-4084,Gregory,Duncan,gduncanfc@mozilla.com,CO,190.33.64.63,net
247-03-5729,Sara,Richardson,srichardsonfd@si.edu,MA,161.238.174.86,info
846-08-0610,Henry,Thomas,hthomasfe@cnn.com,TX,240.186.242.73,gov
121-05-7774,Chris,Phillips,cphillipsff@hubpages.com,SD,224.147.227.118,name
850-07-7259,Raymond,Sullivan,rsullivanfg@addthis.com,SC,131.195.111.31,net
369-33-2762,Alan,Sims,asimsfh@fda.gov,TN,102.50.224.45,com
357-99-6841,Betty,Howard,bhowardfi@illinois.edu,IN,223.30.245.96,name
920-66-7558,Joe,Hayes,jhayesfj@dell.com,FL,218.148.182.5,com
403-96-0606,Anna,Snyder,asnyderfk@merriam-webster.com,WA,241.25.31.199,org
722-84-3059,Teresa,Perez,tperezfl@wiley.com,OH,168.147.57.185,biz
899-74-4040,Pamela,Williams,pwilliamsfm@google.ca,NJ,198.110.215.207,edu
501-06-0588,John,Flores,jfloresfn@newsvine.com,CA,136.43.11.232,mil
670-97-1451,Ruth,Williamson,rwilliamsonfo@rambler.ru,NM,134.223.167.11,name
967-63-5312,Jeffrey,Gonzales,jgonzalesfp@google.com,VA,23.77.100.25,info
451-18-9663,Susan,Holmes,sholmesfq@tumblr.com,VA,77.242.111.190,name
652-91-7417,Jose,Vasquez,jvasquezfr@thetimes.co.uk,CO,9.39.90.156,com
167-30-1128,Willie,Morales,wmoralesfs@hatena.ne.jp,OR,191.132.231.150,info
300-25-4056,Julie,Dixon,jdixonft@ask.com,CO,66.95.183.142,org
829-61-3620,Thomas,Schmidt,tschmidtfu@netscape.com,SC,74.100.238.134,org
573-94-9304,Howard,Hamilton,hhamiltonfv@prnewswire.com,CO,247.175.97.8,info
941-84-5655,Juan,Bailey,jbaileyfw@posterous.com,CA,182.115.30.18,com
810-96-5150,Martin,Nichols,mnicholsfx@networksolutions.com,CA,237.34.177.83,name
786-13-7339,Michelle,Henry,mhenryfy@loc.gov,TX,207.86.247.48,gov
351-17-5270,Brandon,Foster,bfosterfz@europa.eu,NY,97.26.172.141,info
859-88-6918,Lisa,Richards,lrichardsg0@nyu.edu,FL,241.242.95.1,com
292-80-6567,Margaret,Holmes,mholmesg1@sciencedirect.com,FL,224.176.111.167,info
325-57-2991,Jonathan,Bowman,jbowmang2@joomla.org,MI,12.24.144.85,name
470-89-3706,Raymond,Gonzales,rgonzalesg3@topsy.com,OH,205.203.199.55,mil
184-10-7380,Brian,Edwards,bedwardsg4@hubpages.com,IN,56.36.119.29,name
767-50-3617,Jonathan,Moore,jmooreg5@youtube.com,AZ,3.203.208.173,biz
542-00-1892,James,Palmer,jpalmerg6@fema.gov,IN,56.241.29.237,name
955-08-7021,Julie,Gonzales,jgonzalesg7@slashdot.org,AL,145.155.115.128,biz
474-96-3477,Howard,Little,hlittleg8@icq.com,IN,254.235.145.146,edu
824-89-3938,Debra,Rodriguez,drodriguezg9@jimdo.com,PA,194.56.117.137,name
999-29-4343,Jose,Ramirez,jramirezga@imdb.com,TX,158.74.4.225,gov
573-31-2736,Jeremy,Davis,jdavisgb@is.gd,IL,108.18.130.137,org
855-35-5465,Judith,Richardson,jrichardsongc@businessweek.com,TX,148.159.249.43,com
666-65-5085,Norma,Armstrong,narmstronggd@fema.gov,NY,159.139.19.200,net
693-90-7672,Jessica,Jordan,jjordange@wikimedia.org,CA,31.63.64.188,biz
650-70-6740,Phillip,Black,pblackgf@nifty.com,WA,100.101.190.8,org
795-03-8730,Elizabeth,Hanson,ehansongg@wsj.com,CO,25.151.44.26,info
270-16-8942,Lillian,Payne,lpaynegh@salon.com,TX,98.55.70.91,edu
622-95-2813,Lori,Reynolds,lreynoldsgi@linkedin.com,HI,116.28.205.113,biz
378-34-5472,Chris,Shaw,cshawgj@infoseek.co.jp,DC,28.187.17.179,name
597-15-3168,Keith,Kennedy,kkennedygk@shareasale.com,NV,112.168.73.103,name
798-37-0254,Thomas,Gomez,tgomezgl@paypal.com,MS,156.53.104.169,edu
623-79-9346,Brian,Long,blonggm@fotki.com,HI,33.59.234.240,com
606-03-7550,Joseph,Robinson,jrobinsongn@taobao.com,TX,84.11.180.99,name
654-68-0894,Rebecca,Riley,rrileygo@sourceforge.net,TX,227.195.81.143,info
379-54-2013,Eugene,Hanson,ehansongp@rakuten.co.jp,CA,214.139.51.125,info
918-71-4094,Anna,Henry,ahenrygq@cbsnews.com,MN,170.168.99.190,mil
561-28-8006,Jeremy,Parker,jparkergr@godaddy.com,CA,247.81.159.38,name
211-61-1988,Maria,Patterson,mpattersongs@reverbnation.com,IN,93.181.19.244,org
996-04-6587,Robin,Carr,rcarrgt@github.com,AZ,131.161.106.56,biz
174-92-1549,Philip,Phillips,pphillipsgu@shutterfly.com,ME,123.212.253.138,info
206-34-1300,Robin,Wallace,rwallacegv@weibo.com,NM,218.208.165.21,mil
435-57-1342,Diana,Garrett,dgarrettgw@ycombinator.com,CA,60.162.48.2,edu
452-98-9227,Willie,Simpson,wsimpsongx@va.gov,LA,64.45.128.120,org
263-61-8315,Andrew,Lawrence,alawrencegy@prnewswire.com,NY,241.51.219.118,name
648-58-6842,Jack,Myers,jmyersgz@about.me,TX,159.1.151.92,org
380-26-9309,Earl,Day,edayh0@hc360.com,SC,158.26.232.77,gov
830-25-7147,Martin,Howard,mhowardh1@statcounter.com,CO,80.22.48.168,org
581-61-4499,Jeremy,Parker,jparkerh2@plala.or.jp,WA,210.51.47.229,com
457-70-6707,Kathryn,Cook,kcookh3@census.gov,MI,246.105.59.15,name
257-19-4791,Carlos,Stanley,cstanleyh4@umich.edu,GA,101.196.131.100,net
574-16-7702,Philip,Reynolds,preynoldsh5@facebook.com,MO,26.44.195.28,biz
901-97-6310,Rebecca,Adams,radamsh6@skype.com,OR,92.174.69.165,net
977-39-1184,Craig,Reed,creedh7@geocities.jp,FL,76.197.192.149,info
146-25-3354,Betty,Gordon,bgordonh8@sitemeter.com,NY,28.85.129.241,edu
216-62-8371,Brian,Stephens,bstephensh9@jigsy.com,NV,97.122.240.83,gov
670-61-5862,Lisa,Grant,lgrantha@slate.com,KS,126.41.33.61,com
913-91-3794,Jimmy,Peters,jpetershb@nature.com,CO,179.101.251.135,name
463-86-8675,Harold,Thomas,hthomashc@google.com.au,IA,188.179.245.181,org
193-62-4022,Theresa,Webb,twebbhd@indiatimes.com,NY,173.71.180.125,edu
259-27-9156,Brian,Bradley,bbradleyhe@jimdo.com,IL,33.129.145.169,org
717-70-9907,Marie,Carpenter,mcarpenterhf@xrea.com,NY,234.179.48.64,com
466-92-8344,Samuel,Mendoza,smendozahg@illinois.edu,TX,120.80.166.52,com
709-98-5332,Tammy,Howell,thowellhh@infoseek.co.jp,SC,18.26.17.49,gov
928-89-3762,Gregory,Garcia,ggarciahi@scribd.com,GA,223.10.254.128,com
762-57-7225,Nicholas,King,nkinghj@opensource.org,OH,2.86.149.86,info
768-32-1678,Todd,Brown,tbrownhk@miitbeian.gov.cn,AZ,238.243.124.131,com
600-79-4434,Sarah,Hunter,shunterhl@amazon.com,FL,182.227.236.148,biz
294-58-5409,Sara,Williamson,swilliamsonhm@weibo.com,PA,195.45.107.171,org
249-56-7363,Stephanie,Fowler,sfowlerhn@geocities.com,OR,121.32.85.88,mil
513-93-0680,Jose,Mitchell,jmitchellho@telegraph.co.uk,PA,232.122.251.163,biz
927-59-9728,Debra,Evans,devanshp@tamu.edu,TX,9.198.81.198,edu
787-91-6269,Katherine,Mccoy,kmccoyhq@ted.com,TX,28.51.7.38,biz
221-57-3052,Anne,Mccoy,amccoyhr@miitbeian.gov.cn,LA,27.213.65.66,biz
288-50-2745,Joseph,Harrison,jharrisonhs@issuu.com,CO,179.252.120.223,biz
313-85-6071,Sarah,Nichols,snicholsht@abc.net.au,OR,254.188.123.3,name
863-68-5899,Adam,Morris,amorrishu@examiner.com,OH,75.10.225.181,mil
496-41-7570,Martin,Shaw,mshawhv@github.com,TX,203.99.204.142,mil
949-18-8481,Peter,Lawrence,plawrencehw@jiathis.com,DC,106.247.171.89,name
488-68-8520,Jessica,Lane,jlanehx@businessweek.com,TX,149.17.131.211,org
779-38-7897,Phillip,Fuller,pfullerhy@nifty.com,IN,34.155.48.211,edu
532-12-1648,Jessica,Bowman,jbowmanhz@buzzfeed.com,NY,148.25.26.3,info
337-94-0566,Evelyn,Gilbert,egilberti0@toplist.cz,CT,161.175.17.39,org
422-84-4092,Christine,Allen,calleni1@tamu.edu,GA,233.107.47.243,info
507-31-4746,Jerry,Cruz,jcruzi2@yellowpages.com,TX,159.250.166.56,biz
509-03-1764,Elizabeth,Gray,egrayi3@mashable.com,WV,16.167.201.15,com
454-04-2342,Ann,Banks,abanksi4@bing.com,KY,150.57.27.71,com
585-83-7212,Clarence,Coleman,ccolemani5@weebly.com,IL,111.111.24.90,name
882-36-5733,Randy,Henderson,rhendersoni6@cyberchimps.com,NY,5.63.87.75,org
393-62-1379,Margaret,Warren,mwarreni7@privacy.gov.au,CA,10.218.186.212,edu
295-64-5643,Clarence,Mitchell,cmitchelli8@parallels.com,TX,190.89.187.160,mil
923-63-5690,Arthur,Ramirez,aramirezi9@marketwatch.com,VA,184.35.60.163,mil
607-62-7615,Brenda,Fernandez,bfernandezia@bizjournals.com,IA,154.50.35.44,biz
421-13-0820,Roger,Ramos,rramosib@amazon.co.uk,FL,61.128.214.118,net
257-31-5439,Bruce,Black,bblackic@1und1.de,DC,79.86.0.40,biz
380-56-7311,Steven,Knight,sknightid@gnu.org,TX,235.215.231.224,net
105-16-8512,Larry,Chavez,lchavezie@bravesites.com,KS,34.244.2.63,info
690-69-2350,Patricia,Perkins,pperkinsif@biblegateway.com,TX,238.35.36.165,mil
353-14-5640,Kathleen,Turner,kturnerig@va.gov,MD,162.148.136.77,com
836-59-0393,Jennifer,Williams,jwilliamsih@linkedin.com,IL,230.158.102.128,mil
329-73-5287,Christine,Peters,cpetersii@alibaba.com,WI,3.198.180.140,org
352-14-5351,Donald,Carter,dcarterij@ed.gov,VA,29.77.125.252,name
590-35-6180,Alice,Jones,ajonesik@opera.com,NM,143.47.198.255,org
854-53-2186,Peter,Cunningham,pcunninghamil@redcross.org,TX,8.50.251.244,org
138-61-6256,Irene,Medina,imedinaim@diigo.com,MI,15.130.49.116,edu
895-04-0164,Annie,Hudson,ahudsonin@sbwire.com,TX,137.179.76.115,gov
923-17-2411,Jennifer,Elliott,jelliottio@amazonaws.com,MN,156.62.59.26,mil
401-44-2855,Jacqueline,Turner,jturnerip@purevolume.com,GA,93.0.8.136,edu
197-10-5874,Daniel,Fowler,dfowleriq@engadget.com,WI,25.190.171.64,com
863-94-8170,Nancy,Lawson,nlawsonir@acquirethisname.com,DC,145.35.30.51,edu
561-84-8782,Chris,Ramos,cramosis@whitehouse.gov,TX,205.245.14.203,org
299-85-6579,Willie,Hawkins,whawkinsit@123-reg.co.uk,CA,166.95.157.237,biz
602-72-0144,Kathryn,Dixon,kdixoniu@bizjournals.com,TX,109.218.171.91,info
228-24-0891,Linda,Wheeler,lwheeleriv@constantcontact.com,NM,67.25.3.18,gov
841-96-6400,Carl,Clark,cclarkiw@addtoany.com,OK,133.49.171.246,mil
717-19-6246,Teresa,Lee,tleeix@odnoklassniki.ru,AZ,110.30.85.212,gov
486-21-8120,Stephanie,Gutierrez,sgutierreziy@myspace.com,FL,146.185.229.116,net
922-73-7422,Patricia,Williams,pwilliamsiz@dell.com,IN,110.228.65.233,info
224-00-6533,Barbara,Howell,bhowellj0@bing.com,MN,230.129.226.150,name
574-31-4321,John,Morrison,jmorrisonj1@xrea.com,MN,48.28.137.39,name
965-01-8322,Christine,Lawrence,clawrencej2@eventbrite.com,CA,109.24.165.50,org
570-59-7773,Mark,Gonzalez,mgonzalezj3@sciencedirect.com,AL,179.154.24.15,net
762-35-6479,Jesse,Gomez,jgomezj4@cloudflare.com,CA,158.171.103.65,com
841-22-5059,Kathleen,Stewart,kstewartj5@so-net.ne.jp,MD,66.32.19.105,gov
596-13-9560,Timothy,Nichols,tnicholsj6@yellowbook.com,WA,170.247.120.113,biz
828-75-4150,Stephen,Carr,scarrj7@skyrock.com,MI,202.88.141.53,name
581-51-3847,Scott,Hunt,shuntj8@chron.com,CA,16.50.62.26,gov
828-75-1234,Scott,Rivera,sriveraj9@behance.net,PA,30.146.71.112,biz
992-19-5693,Thomas,Garza,tgarzaja@angelfire.com,CT,131.193.232.102,com
513-81-4105,Sara,West,swestjb@smugmug.com,OR,222.45.14.69,mil
749-55-4857,Catherine,Long,clongjc@soundcloud.com,NE,198.146.145.9,mil
914-81-7238,Frank,Reid,freidjd@newsvine.com,CA,98.77.128.253,edu
608-74-0879,Frank,Green,fgreenje@reddit.com,OK,196.193.74.162,info
886-78-5970,Mildred,Banks,mbanksjf@ucla.edu,OR,123.114.168.121,com
495-16-3947,Mary,Hill,mhilljg@nih.gov,AL,173.243.77.99,com
180-49-1930,Kathleen,George,kgeorgejh@imageshack.us,TN,199.27.179.218,name
794-07-6340,Joe,Woods,jwoodsji@wiley.com,MA,190.136.90.86,info
612-06-0804,Lisa,Simpson,lsimpsonjj@ebay.co.uk,CA,215.90.41.14,com
536-60-6675,Willie,Mitchell,wmitchelljk@theatlantic.com,CA,227.104.195.174,biz
698-20-2638,Phyllis,Fisher,pfisherjl@google.pl,OH,90.151.54.219,biz
471-86-4679,Patrick,Kelley,pkelleyjm@tinypic.com,UT,128.0.218.81,mil
775-15-3876,Jose,Harrison,jharrisonjn@ovh.net,GA,232.148.90.67,com
408-60-7828,Ernest,Weaver,eweaverjo@joomla.org,NC,78.165.146.171,name
532-81-4567,Jimmy,Vasquez,jvasquezjp@psu.edu,FL,249.213.7.169,biz
571-12-8161,Rose,Jenkins,rjenkinsjq@moonfruit.com,NV,93.203.10.198,biz
721-62-2284,Lori,Holmes,lholmesjr@creativecommons.org,NJ,83.43.13.212,com
670-82-3087,Pamela,Gonzalez,pgonzalezjs@senate.gov,FL,190.246.162.182,edu
513-48-4467,Shawn,Duncan,sduncanjt@paypal.com,DC,8.214.87.229,gov
224-21-6415,Ronald,Patterson,rpattersonju@rediff.com,WA,74.107.5.166,org
368-32-8399,Keith,Flores,kfloresjv@prweb.com,IN,251.165.166.255,edu
712-29-5230,Jesse,Marshall,jmarshalljw@nydailynews.com,FL,206.157.16.131,mil
116-65-8622,Katherine,Hansen,khansenjx@walmart.com,NC,13.54.6.80,biz
239-33-8813,Tammy,George,tgeorgejy@over-blog.com,OH,39.187.178.92,org
862-95-0760,Roger,Jones,rjonesjz@joomla.org,LA,215.165.90.153,net
658-39-2246,Jesse,Williamson,jwilliamsonk0@opera.com,CA,83.148.193.196,biz
751-49-8286,Amanda,Price,apricek1@prnewswire.com,MO,129.245.70.111,gov
696-68-3973,Frances,Harper,fharperk2@reverbnation.com,FL,45.211.59.255,com
640-54-2236,Eric,Perkins,eperkinsk3@soup.io,NY,195.6.78.191,biz
764-15-8233,Eric,Lawrence,elawrencek4@kickstarter.com,CA,165.24.111.216,org
715-76-8091,Phillip,Jordan,pjordank5@google.ca,HI,92.145.214.167,info
158-04-7887,Chris,Fowler,cfowlerk6@theglobeandmail.com,IN,65.214.221.242,edu
539-70-7375,Andrew,Anderson,aandersonk7@cloudflare.com,CO,148.61.12.208,net
218-96-3528,Kevin,Burke,kburkek8@de.vu,TX,54.215.197.65,name
419-23-2919,Roy,Larson,rlarsonk9@photobucket.com,MN,153.56.143.130,info
519-55-4999,Sean,Williams,swilliamska@hugedomains.com,IA,202.253.237.215,com
133-28-2597,Jesse,Dunn,jdunnkb@google.com.br,TX,43.214.109.123,net
617-15-7138,Mary,Castillo,mcastillokc@cnet.com,VA,212.100.87.244,gov
878-37-8022,Diane,Romero,dromerokd@ed.gov,NC,92.98.201.30,org
599-09-9088,Jesse,Morris,jmorriske@ycombinator.com,PA,168.41.202.230,mil
494-92-4342,Emily,Ross,erosskf@skype.com,IL,232.153.112.71,mil
810-56-6212,Jacqueline,Williamson,jwilliamsonkg@list-manage.com,NY,222.68.40.9,mil
228-84-4916,Willie,Carter,wcarterkh@prweb.com,GA,134.210.44.82,name
524-43-8159,Alice,Gibson,agibsonki@1und1.de,NJ,87.145.31.33,edu
502-93-9620,Jose,Banks,jbankskj@nature.com,IL,89.86.231.174,biz
839-65-0832,Brandon,Dean,bdeankk@rediff.com,MO,194.90.195.254,info
675-65-5248,Emily,Davis,edaviskl@google.ca,CA,46.41.165.187,info
121-44-3856,Kevin,Crawford,kcrawfordkm@geocities.jp,UT,42.79.92.64,mil
572-72-0047,Shirley,Jones,sjoneskn@flickr.com,CA,53.208.222.196,mil
179-55-0312,Alan,Ellis,aellisko@intel.com,NE,52.182.115.16,biz
405-35-6825,Kelly,Hall,khallkp@wufoo.com,TX,4.36.235.103,name
139-49-7080,Jane,Castillo,jcastillokq@fc2.com,OK,29.70.63.69,gov
176-57-0638,Carlos,Henry,chenrykr@addthis.com,CO,199.11.86.53,net
404-95-5781,Richard,Harvey,rharveyks@npr.org,FL,126.151.99.17,org
225-96-7027,Rachel,Stone,rstonekt@1und1.de,TX,5.80.121.53,gov
608-76-7879,Anna,Mccoy,amccoyku@howstuffworks.com,FL,159.150.181.176,org
958-07-5356,Kenneth,Hanson,khansonkv@cocolog-nifty.com,NY,195.46.140.219,name
363-21-2645,Maria,Hawkins,mhawkinskw@smugmug.com,TN,252.120.171.88,net
858-00-9050,Bobby,Rogers,brogerskx@sciencedirect.com,GA,128.30.167.62,info
876-05-2484,Bruce,Thompson,bthompsonky@netvibes.com,NY,96.244.120.235,net
787-14-0621,James,Hicks,jhickskz@webnode.com,AL,121.224.163.249,name
954-23-2400,Clarence,Gutierrez,cgutierrezl0@washington.edu,SC,36.155.3.104,com
730-50-7023,Michael,Bishop,mbishopl1@cbsnews.com,TX,180.166.203.228,com
765-67-0790,Susan,Fernandez,sfernandezl2@hp.com,IA,196.52.76.133,net
153-95-7885,Phyllis,Mills,pmillsl3@pinterest.com,FL,95.33.240.105,info
718-39-0097,Carol,Hayes,chayesl4@soundcloud.com,VA,138.140.28.210,info
619-73-7468,Antonio,Scott,ascottl5@goo.gl,IN,220.186.123.111,net
144-64-0492,Jessica,Carpenter,jcarpenterl6@craigslist.org,TX,242.124.37.192,name
329-87-0692,Mary,Patterson,mpattersonl7@irs.gov,WV,16.190.144.107,name
613-24-9382,Bonnie,Hunt,bhuntl8@51.la,IL,39.37.225.106,mil
893-43-4078,Betty,Gordon,bgordonl9@vimeo.com,GA,217.33.214.228,gov
297-87-4024,Tammy,Gray,tgrayla@moonfruit.com,CA,154.141.108.119,gov
824-21-4359,Ryan,Moreno,rmorenolb@nytimes.com,CA,79.142.236.177,biz
258-91-7508,Kathleen,Gonzalez,kgonzalezlc@themeforest.net,GA,154.53.92.176,org
210-51-6038,Irene,Lee,ileeld@google.de,OH,160.195.183.154,gov
951-40-7404,Russell,Ramos,rramosle@sbwire.com,CA,64.74.197.222,biz
602-04-6547,Tina,Jordan,tjordanlf@ifeng.com,CA,241.197.202.254,edu
634-32-8734,Sarah,Thompson,sthompsonlg@booking.com,CA,245.248.117.108,org
251-75-2704,Ashley,Ryan,aryanlh@alibaba.com,CA,4.184.144.12,biz
887-11-1227,Martha,Jackson,mjacksonli@godaddy.com,CA,223.52.216.132,mil
743-70-3081,Robert,Hansen,rhansenlj@squarespace.com,VA,85.158.15.139,info
908-71-9423,Melissa,Garcia,mgarcialk@blinklist.com,MO,181.229.122.79,net
118-39-1407,Emily,Chapman,echapmanll@furl.net,OH,83.117.241.2,info
524-97-2084,Joe,Simmons,jsimmonslm@seattletimes.com,NC,165.169.173.149,info
231-81-8440,Walter,Carr,wcarrln@mail.ru,OH,108.161.112.83,com
298-52-3582,Denise,Payne,dpaynelo@blinklist.com,NV,112.33.38.147,biz
631-87-5348,Kathleen,Cooper,kcooperlp@nytimes.com,OH,230.212.60.106,info
980-32-5923,Joe,Hawkins,jhawkinslq@digg.com,SC,97.20.237.3,com
700-71-0690,Steven,Simmons,ssimmonslr@furl.net,VA,175.96.97.100,net
123-37-3333,Harold,Hart,hhartls@jigsy.com,KS,44.30.46.70,edu
990-60-2955,Phyllis,Ray,praylt@booking.com,NY,131.78.186.179,edu
416-81-2721,Joseph,Rogers,jrogerslu@cnbc.com,VA,153.16.201.120,org
352-76-0928,Shirley,Dunn,sdunnlv@lycos.com,CT,55.173.108.77,org
348-60-0882,Willie,Dunn,wdunnlw@ucla.edu,TX,6.93.104.153,biz
225-43-4290,Ralph,Brooks,rbrookslx@wired.com,CA,251.243.66.169,info
151-89-2395,Ralph,Gibson,rgibsonly@noaa.gov,FL,27.24.113.230,net
232-84-5686,Rachel,Elliott,relliottlz@hhs.gov,FL,70.6.184.237,com
910-26-8934,Christina,Hill,chillm0@columbia.edu,PA,20.187.34.190,com
723-92-5894,Mildred,Coleman,mcolemanm1@kickstarter.com,TX,232.50.3.181,net
741-89-8737,Maria,Owens,mowensm2@amazonaws.com,NY,194.27.110.160,name
534-06-2918,Ruby,Wood,rwoodm3@homestead.com,TX,63.38.122.78,biz
647-77-5633,Robin,Carr,rcarrm4@liveinternet.ru,GA,127.175.133.33,info
608-13-8357,Evelyn,Jenkins,ejenkinsm5@quantcast.com,TX,243.224.160.220,biz
419-42-0658,Jose,Burns,jburnsm6@npr.org,MN,44.255.126.246,net
116-18-8211,Stephen,Banks,sbanksm7@statcounter.com,LA,136.152.33.246,org
705-58-3690,Ann,Webb,awebbm8@feedburner.com,TX,197.76.254.18,net
113-25-9076,Todd,Watkins,twatkinsm9@xrea.com,MO,36.41.150.144,info
667-67-3081,Lois,Willis,lwillisma@angelfire.com,FL,126.182.11.38,mil
261-07-4712,Aaron,Welch,awelchmb@omniture.com,FL,79.132.100.255,gov
863-35-1103,Doris,Fuller,dfullermc@weebly.com,NY,141.135.141.24,name
150-22-4941,Harry,Hicks,hhicksmd@ucoz.com,VA,158.220.103.126,gov
390-83-6789,Kimberly,Frazier,kfrazierme@mapquest.com,PA,67.220.249.154,biz
673-85-8251,Helen,Burton,hburtonmf@google.it,OH,243.63.127.78,biz
472-65-8734,Barbara,Smith,bsmithmg@discuz.net,IN,19.19.188.120,edu
978-61-7978,Ruby,Johnson,rjohnsonmh@privacy.gov.au,IN,208.99.156.189,name
914-31-1780,Philip,Taylor,ptaylormi@imageshack.us,DC,245.13.7.49,biz
662-84-0516,Johnny,Mendoza,jmendozamj@gizmodo.com,TN,195.92.187.58,name
661-58-2799,Virginia,Bell,vbellmk@cdbaby.com,CA,18.113.177.158,org
938-69-1911,Dennis,Mills,dmillsml@spotify.com,GA,192.65.193.237,info
447-37-7015,Heather,Tucker,htuckermm@umich.edu,CA,222.230.244.184,com
312-83-2462,Donna,Matthews,dmatthewsmn@sbwire.com,VA,101.133.237.58,net
852-84-2651,Elizabeth,Woods,ewoodsmo@rakuten.co.jp,MI,235.129.16.44,mil
412-44-7256,Beverly,Armstrong,barmstrongmp@mozilla.org,NC,120.137.94.219,com
465-92-6432,Annie,Fuller,afullermq@bloglovin.com,TX,236.115.224.97,gov
117-53-9251,Anna,Diaz,adiazmr@bloglovin.com,FL,255.139.247.45,com
251-86-1953,Sharon,Young,syoungms@icq.com,TN,216.246.196.148,info
826-95-2191,Howard,Adams,hadamsmt@delicious.com,PA,192.245.166.77,mil
190-68-7480,Billy,Willis,bwillismu@ucla.edu,CA,8.50.83.203,mil
112-00-2036,Edward,Mills,emillsmv@drupal.org,VA,178.129.79.30,net
396-20-4205,Martin,Warren,mwarrenmw@ow.ly,TX,208.228.241.176,com
120-74-0657,Maria,Hamilton,mhamiltonmx@odnoklassniki.ru,NY,30.155.151.186,edu
778-44-8052,Jeffrey,Howard,jhowardmy@moonfruit.com,TN,128.172.150.2,com
216-27-8966,Justin,Ferguson,jfergusonmz@flickr.com,DC,95.68.239.155,gov
322-74-9144,Christine,Bennett,cbennettn0@odnoklassniki.ru,TX,17.204.197.204,com
982-97-2390,Robin,Robertson,rrobertsonn1@elegantthemes.com,FL,218.123.162.185,net
932-45-9890,Howard,Miller,hmillern2@themeforest.net,MA,36.196.179.68,com
625-85-7857,Amy,Williams,awilliamsn3@theguardian.com,MI,62.135.69.14,biz
724-52-8678,Doris,Garrett,dgarrettn4@aboutads.info,PA,50.187.248.158,mil
519-01-0394,Donald,Bryant,dbryantn5@typepad.com,NY,178.73.236.72,mil
327-26-3300,Jeremy,Peterson,jpetersonn6@vimeo.com,AZ,215.158.222.8,net
190-54-8607,Paul,Bowman,pbowmann7@huffingtonpost.com,NE,142.125.37.70,biz
726-80-8949,Earl,Chavez,echavezn8@tinyurl.com,IL,144.40.17.70,net
930-60-1178,Benjamin,Hill,bhilln9@sohu.com,SC,80.46.181.244,org
280-36-5039,Maria,Brooks,mbrooksna@dell.com,MI,173.187.5.57,com
298-43-5202,Evelyn,Mills,emillsnb@microsoft.com,NJ,220.28.207.230,gov
514-89-0566,Howard,Thomas,hthomasnc@etsy.com,CA,241.185.68.234,name
587-93-5778,William,Ray,wraynd@w3.org,VA,148.1.63.70,mil
961-86-0897,Henry,Ford,hfordne@hugedomains.com,VA,214.130.175.7,com
797-68-1519,Diane,Bradley,dbradleynf@xrea.com,CA,242.100.91.82,info
138-72-5376,Nicholas,Fields,nfieldsng@tmall.com,CT,41.175.10.252,biz
724-90-2089,Joseph,Morales,jmoralesnh@naver.com,MA,175.221.46.106,name
733-02-7296,Denise,Flores,dfloresni@free.fr,GA,7.37.30.25,biz
629-27-9103,Susan,Weaver,sweavernj@zdnet.com,CA,52.34.88.179,mil
326-46-6191,Roy,Washington,rwashingtonnk@jalbum.net,IN,41.202.240.236,biz
211-53-5551,Sarah,Duncan,sduncannl@behance.net,HI,91.195.193.217,gov
391-09-1882,Dennis,Henry,dhenrynm@cbslocal.com,NY,244.242.199.120,edu
110-20-7837,Walter,Kennedy,wkennedynn@paypal.com,ID,145.37.70.221,net
210-23-5933,Kimberly,Phillips,kphillipsno@weebly.com,VA,33.229.67.34,mil
852-38-6863,Peter,Griffin,pgriffinnp@google.ca,FL,110.121.71.241,net
952-27-6428,Joseph,Austin,jaustinnq@dion.ne.jp,CA,36.162.41.225,gov
561-44-2559,Barbara,Carter,bcarternr@weibo.com,NY,10.9.150.232,net
697-25-4509,Robin,Alvarez,ralvarezns@squarespace.com,CA,238.84.82.212,gov
219-49-3900,Sarah,Willis,swillisnt@scribd.com,TX,207.94.249.217,gov
509-10-5851,Kathleen,Murray,kmurraynu@paypal.com,GA,165.254.168.164,gov
112-06-5844,Kathy,Mitchell,kmitchellnv@amazon.de,NY,136.203.19.151,mil
920-77-9915,Patrick,Franklin,pfranklinnw@typepad.com,MI,252.199.139.63,gov
799-62-3929,Janet,Johnston,jjohnstonnx@uol.com.br,IN,229.40.70.217,net
255-67-0443,Brian,Flores,bfloresny@washington.edu,PA,238.150.251.177,com
420-44-7596,Marie,Elliott,melliottnz@amazonaws.com,CA,38.236.86.65,biz
245-65-4572,Diana,Gordon,dgordono0@angelfire.com,NC,0.119.25.111,net
177-06-0744,Andrew,Peters,apeterso1@illinois.edu,MI,190.89.52.248,biz
644-93-7521,Louis,Berry,lberryo2@wisc.edu,KS,104.42.61.113,gov
695-54-9779,Craig,Morrison,cmorrisono3@arizona.edu,CT,227.60.123.207,info
798-59-4220,Karen,Jordan,kjordano4@google.co.jp,DC,131.158.164.81,gov
137-91-5658,Kathryn,Fuller,kfullero5@chron.com,KY,11.73.241.100,biz
958-32-7648,Roy,Jones,rjoneso6@engadget.com,DC,56.200.142.186,gov
246-35-6315,Christine,Freeman,cfreemano7@theguardian.com,TN,129.20.128.21,edu
876-78-5233,Mildred,Gordon,mgordono8@kickstarter.com,MN,94.52.147.88,edu
919-74-7060,Bobby,Fisher,bfishero9@seesaa.net,LA,58.2.225.68,gov
424-04-3964,Sandra,Martinez,smartinezoa@live.com,VA,194.57.39.16,mil
982-13-3260,Frank,Martin,fmartinob@deviantart.com,NC,253.199.220.160,net
982-02-9096,Joan,Snyder,jsnyderoc@abc.net.au,UT,251.91.243.186,net
954-31-3671,Jeffrey,Howell,jhowellod@about.com,MS,101.137.73.111,name
166-29-2573,Jonathan,Riley,jrileyoe@de.vu,MI,66.53.52.227,net
920-18-8173,Cynthia,Kim,ckimof@cnet.com,CA,13.98.28.135,name
178-90-4587,Linda,Diaz,ldiazog@squarespace.com,CO,221.208.6.246,name
546-92-5563,Christina,Ramirez,cramirezoh@qq.com,NY,223.10.136.156,gov
344-80-9613,Harry,Jackson,hjacksonoi@livejournal.com,NJ,143.54.122.104,org
191-57-6657,Janice,Romero,jromerooj@princeton.edu,NV,113.198.63.41,com
249-99-7213,Karen,Daniels,kdanielsok@admin.ch,CA,75.0.229.246,edu
301-78-3992,Tammy,Phillips,tphillipsol@desdev.cn,WA,204.230.112.131,biz
758-84-7220,Billy,Johnston,bjohnstonom@blogspot.com,HI,233.11.151.249,mil
557-37-0473,George,Morales,gmoraleson@chicagotribune.com,TX,124.41.118.11,name
940-35-0205,Teresa,Greene,tgreeneoo@github.io,KS,126.29.135.63,org
956-14-7814,Denise,Rogers,drogersop@yelp.com,TX,190.27.132.243,info
864-47-2831,Wayne,Cunningham,wcunninghamoq@feedburner.com,AZ,233.130.1.56,name
262-25-6169,Kathleen,Foster,kfosteror@mediafire.com,NY,248.14.41.82,info
383-87-4145,Daniel,Gutierrez,dgutierrezos@oakley.com,KS,131.147.36.239,name
959-71-8849,Carlos,Boyd,cboydot@is.gd,CT,118.2.204.218,info
654-80-8415,Robert,Russell,rrussellou@hhs.gov,CA,4.90.233.165,net
755-37-1534,Shirley,Carroll,scarrollov@harvard.edu,LA,253.196.1.143,name
918-33-1987,Christine,Dean,cdeanow@washingtonpost.com,TX,94.9.172.95,com
217-27-2859,Alice,Sanders,asandersox@google.it,MN,81.133.34.80,name
389-19-6610,Walter,Anderson,wandersonoy@ihg.com,NJ,231.194.39.158,info
917-77-2435,Justin,Ramirez,jramirezoz@npr.org,CA,246.151.204.44,org
764-51-3785,Aaron,Watkins,awatkinsp0@ucla.edu,MT,229.235.155.177,name
742-40-2135,Jose,Knight,jknightp1@loc.gov,TX,87.182.217.82,gov
306-49-6249,Maria,Hernandez,mhernandezp2@goo.gl,SC,118.234.46.139,name
250-27-7462,Amy,Wright,awrightp3@huffingtonpost.com,CA,242.70.190.74,biz
774-65-7235,Timothy,Hunt,thuntp4@example.com,CT,227.62.252.54,net
291-90-4913,Martha,Owens,mowensp5@elpais.com,CA,185.40.252.14,name
597-64-6377,Mary,Cox,mcoxp6@adobe.com,CA,136.127.173.225,edu
809-16-7839,Henry,Reynolds,hreynoldsp7@mediafire.com,WA,16.25.119.19,net
313-90-6473,Thomas,Lynch,tlynchp8@skype.com,VA,141.58.37.53,gov
518-10-3910,Anna,Carroll,acarrollp9@mac.com,FL,200.254.25.176,name
491-85-0427,Donald,Daniels,ddanielspa@nps.gov,MO,209.17.195.94,edu
185-99-1322,Charles,Hicks,chickspb@cdbaby.com,CA,109.95.184.85,info
565-97-4391,Gerald,Morrison,gmorrisonpc@baidu.com,OH,217.244.119.245,biz
767-09-8822,Marilyn,Harvey,mharveypd@auda.org.au,FL,249.77.41.167,org
829-26-9053,Victor,Evans,vevanspe@paypal.com,IN,112.203.199.33,edu
300-15-9593,Stephen,Long,slongpf@cmu.edu,MO,47.188.179.41,biz
833-47-0725,Sarah,Black,sblackpg@walmart.com,FL,235.108.45.3,info
878-67-7423,Maria,Lee,mleeph@google.com.br,FL,191.232.6.10,mil
908-38-7448,Jack,Mason,jmasonpi@google.pl,NY,226.156.50.160,com
926-99-8031,Joan,Carroll,jcarrollpj@zimbio.com,FL,151.56.76.75,com
497-20-0260,Daniel,Lewis,dlewispk@psu.edu,OK,0.31.234.191,edu
627-72-2264,Howard,Richards,hrichardspl@stanford.edu,NY,1.3.23.11,mil
679-99-7594,Daniel,Sanders,dsanderspm@de.vu,MD,78.41.15.160,biz
702-04-4345,Sarah,Bowman,sbowmanpn@netvibes.com,WI,162.82.30.117,com
538-09-7078,Donald,Larson,dlarsonpo@wiley.com,MO,252.182.188.254,gov
541-76-7767,Raymond,Wright,rwrightpp@squidoo.com,CO,165.237.14.131,gov
429-64-5386,Scott,Greene,sgreenepq@seesaa.net,CA,60.63.218.168,net
663-90-6114,Andrea,Hansen,ahansenpr@wix.com,NC,240.128.237.239,gov
992-90-3725,Shawn,Bennett,sbennettps@sogou.com,MA,55.16.178.72,com
135-89-9058,Arthur,Rodriguez,arodriguezpt@pen.io,TX,61.169.108.71,biz
738-61-0559,Kathy,Owens,kowenspu@slate.com,MN,236.32.79.160,mil
244-40-8086,Sara,Robinson,srobinsonpv@comcast.net,CA,115.84.91.233,info
344-06-9391,Philip,Wright,pwrightpw@pagesperso-orange.fr,NC,168.240.114.132,biz
911-13-7034,Kimberly,Butler,kbutlerpx@vistaprint.com,FL,204.64.68.220,edu
264-96-7475,Adam,Ferguson,afergusonpy@symantec.com,TX,41.33.162.94,biz
516-93-4804,Walter,Lee,wleepz@mediafire.com,MN,177.172.97.80,info
457-88-7662,Amanda,Armstrong,aarmstrongq0@diigo.com,NY,214.16.197.164,mil
878-17-0531,Michael,Martinez,mmartinezq1@bbb.org,CA,154.27.235.248,biz
579-62-1315,Carolyn,Sanchez,csanchezq2@mysql.com,NY,178.33.226.10,info
747-21-0507,Philip,Williams,pwilliamsq3@prlog.org,TX,96.29.177.150,net
493-54-5674,Melissa,Washington,mwashingtonq4@is.gd,FL,71.180.244.226,com
474-24-4591,William,Dixon,wdixonq5@senate.gov,AZ,213.251.34.173,info
912-74-5819,Nancy,Lane,nlaneq6@delicious.com,DC,174.211.169.73,net
396-67-3610,Stephen,Barnes,sbarnesq7@nature.com,GA,189.1.176.124,edu
274-67-0979,Howard,Bailey,hbaileyq8@utexas.edu,GA,103.57.47.145,gov
214-22-4429,Kevin,Larson,klarsonq9@virginia.edu,GA,52.80.68.237,gov
731-32-9396,Jonathan,Campbell,jcampbellqa@people.com.cn,MD,25.237.242.3,mil
776-28-9983,Jonathan,Little,jlittleqb@lycos.com,MA,229.12.0.102,com
757-89-7462,Janet,Hughes,jhughesqc@npr.org,TX,216.214.111.219,edu
927-11-5391,Donna,Gordon,dgordonqd@cargocollective.com,PA,66.31.117.27,com
813-61-5172,Dorothy,Hansen,dhansenqe@skyrock.com,NY,184.229.200.211,biz
675-57-4537,Marilyn,Howard,mhowardqf@free.fr,TX,172.126.179.31,gov
722-59-8192,Willie,Franklin,wfranklinqg@cloudflare.com,NY,144.232.157.2,net
539-85-7540,Lori,Shaw,lshawqh@dailymotion.com,CA,99.250.29.157,edu
502-66-5147,Harold,Webb,hwebbqi@google.com.hk,MD,204.14.244.129,name
874-32-6690,Alice,Ruiz,aruizqj@spiegel.de,NC,31.19.227.90,org
361-52-3897,Marilyn,Montgomery,mmontgomeryqk@ucoz.com,IN,35.36.91.207,edu
832-65-4349,Jeremy,Simpson,jsimpsonql@mlb.com,KY,13.141.185.118,biz
340-62-7128,Wayne,Hart,whartqm@vkontakte.ru,SD,59.146.179.216,org
875-58-8829,Sandra,Carpenter,scarpenterqn@samsung.com,FL,175.144.59.168,com
694-19-7413,Timothy,Bailey,tbaileyqo@slate.com,TX,159.155.45.254,com
740-02-2771,Ann,Berry,aberryqp@sogou.com,TX,112.147.219.118,name
342-06-1661,Paul,Martinez,pmartinezqq@wikispaces.com,NY,235.2.56.81,biz
466-37-9702,George,Olson,golsonqr@forbes.com,CA,81.100.230.112,org
571-40-5586,Irene,Murray,imurrayqs@msn.com,WI,89.233.106.237,edu
470-26-6763,Mark,Nelson,mnelsonqt@hc360.com,CO,68.15.174.37,net
299-41-5372,Jacqueline,Hughes,jhughesqu@over-blog.com,VA,183.13.147.106,net
145-23-6536,Kathy,Alvarez,kalvarezqv@google.it,NY,107.152.239.82,gov
379-61-1390,Paul,Frazier,pfrazierqw@msn.com,OH,94.151.172.190,gov
610-96-7979,Anne,Turner,aturnerqx@census.gov,MN,145.196.249.113,gov
243-29-9145,Anna,Long,alongqy@bigcartel.com,OR,246.155.47.227,name
840-47-9468,Joshua,Robinson,jrobinsonqz@newyorker.com,CA,208.28.137.3,net
262-39-4866,Joseph,Burton,jburtonr0@shinystat.com,OH,166.2.130.125,edu
642-48-0012,Jose,Lewis,jlewisr1@guardian.co.uk,CO,26.181.72.107,net
583-31-0001,Frances,Knight,fknightr2@digg.com,OH,253.208.4.204,info
842-74-2896,Amanda,Walker,awalkerr3@blogs.com,TX,157.53.119.72,info
103-59-7477,Randy,Jenkins,rjenkinsr4@chron.com,NY,217.127.59.176,gov
272-02-2205,Margaret,Arnold,marnoldr5@chronoengine.com,NV,93.230.119.116,com
129-54-1787,Joan,Turner,jturnerr6@bbb.org,TX,102.87.50.100,com
954-50-1024,Ernest,Butler,ebutlerr7@addtoany.com,MO,10.214.92.196,info
745-51-3360,Denise,Carter,dcarterr8@hatena.ne.jp,TX,218.59.139.215,info
911-64-2860,Anthony,Gomez,agomezr9@wired.com,AL,12.179.208.226,com
289-53-2776,Janet,Bishop,jbishopra@cornell.edu,CA,8.138.203.89,mil
760-82-6337,Theresa,Hill,thillrb@ycombinator.com,MA,145.195.245.30,org
725-20-8827,Diana,Campbell,dcampbellrc@friendfeed.com,MN,10.209.127.181,net
270-86-6566,Phillip,Little,plittlerd@fc2.com,GA,79.215.48.28,name
273-58-1539,Ralph,Lawrence,rlawrencere@elpais.com,MN,198.79.151.134,info
699-13-0146,Walter,Bennett,wbennettrf@dropbox.com,IA,254.193.69.166,edu
706-70-4738,Alice,Mason,amasonrg@illinois.edu,NJ,181.253.188.228,info
207-84-6766,Laura,Foster,lfosterrh@amazon.co.jp,PA,181.139.201.63,biz
713-51-2646,Frank,Dean,fdeanri@nytimes.com,CO,87.75.103.178,edu
383-59-0851,Marilyn,Frazier,mfrazierrj@tiny.cc,MD,195.10.14.23,com
964-63-2173,Denise,Matthews,dmatthewsrk@gmpg.org,AZ,74.78.27.173,name
302-31-1180,Diane,Nguyen,dnguyenrl@msu.edu,NC,62.117.45.150,net
226-29-4997,William,Warren,wwarrenrm@baidu.com,CA,93.41.129.79,mil
566-07-8024,Virginia,Morris,vmorrisrn@boston.com,NV,121.142.184.249,name
213-27-1297,Denise,Hernandez,dhernandezro@google.es,MN,125.194.218.188,name
653-70-5943,Lillian,Bell,lbellrp@liveinternet.ru,CA,84.135.56.9,org
921-26-4435,Howard,Martinez,hmartinezrq@dion.ne.jp,MN,21.132.248.153,com
367-12-3025,Sara,Cole,scolerr@a8.net,MO,97.18.44.53,info
